Date,Multiple Reports,Lease Type,District,RRC Identifier,Field Name,Lease Name,Gas Well ID,Lease Total,Commingle Permit No.,On Hand Beginning of Month,Production,rrc_oil_volume,Code,On Hand End of Month,Formation Production,rrc_gas_volume,Code.1,Normalized_Field_Name,Normalized_Reservoir_Name,Net Oil Volume to Trust (RRC),Net Oil Sales Volume to Trust (RRC),Net Gas Volume to Trust (RRC),Net Gas Sales Volume to Trust (RRC)
Aug 2021,,Oil,8.0,32907.0,ARMER (TUBB),"MCCAMEY, G. B. ""A"" (NCT-B)",,,7024.0,222,38,0,,260,0,0,,ARMER,TUBB,0.0,0.0,0.0,0.0
Aug 2021,,Oil,8.0,20550.0,ARMER (6350),"MCCAMEY, G. B., -A- /NCT-A/",,,7024.0,39,0,0,,39,0,0,,ARMER,6350,0.0,0.0,0.0,0.0
Aug 2021,,Oil,8.0,45314.0,ARMER (6350),RAYDEN MCCAMEY,,,,183,89,0,,272,"2,064",2064,2.0,ARMER,6350,0.0,0.0,1032.0,774.0
Aug 2021,,Oil,8.0,48393.0,ARMER (6350),LANDLUBBER,,,8026.0,"1,882","8,215",8165,0.0,"1,932","28,894",28894,2.0,ARMER,6350,4082.5,3061.875,14447.0,10835.25
Aug 2021,,Oil,8.0,49425.0,ARMER (6350),6 POUNDER NE,,,8026.0,485,"1,253",1344,0.0,394,"6,773",6773,2.0,ARMER,6350,672.0,504.0,3386.5,2539.875
Aug 2021,,Oil,8.0,50748.0,ARMER (6350),LANDLUBBER N,,,8156.0,146,"1,108",1146,0.0,108,"9,340",9340,2.0,ARMER,6350,573.0,429.75,4670.0,3502.5
Aug 2021,,Oil,8.0,51146.0,ARMER (6350),GALLEON,,,,78,0,0,,78,0,0,,ARMER,6350,0.0,0.0,0.0,0.0
Aug 2021,,Oil,8.0,51157.0,ARMER (6350),JEAN LAFITTE NE,,,8155.0,56,0,0,,56,0,0,,ARMER,6350,0.0,0.0,0.0,0.0
Aug 2021,,Oil,8.0,51222.0,ARMER (6350),YELLOW JACK NWSW,,,8539.0,50,485,465,0.0,70,"2,005",2005,2.0,ARMER,6350,232.5,174.375,1002.5,751.875
Aug 2021,Y,Oil,8.0,51255.0,ARMER (6350),LANDLUBBER NE,,,8156.0,60,721,711,0.0,70,"2,884",2884,2.0,ARMER,6350,355.5,266.625,1442.0,1081.5
Aug 2021,,Oil,8.0,51267.0,ARMER (6350),YELLOW JACK SENW,,,8539.0,79,851,807,0.0,123,"2,052",2052,2.0,ARMER,6350,403.5,302.625,1026.0,769.5
Aug 2021,,Oil,8.0,51373.0,ARMER (6350),6 POUNDER NWNE,,,8250.0,42,409,408,0.0,43,"3,951",3951,2.0,ARMER,6350,204.0,153.0,1975.5,1481.625
Aug 2021,,Oil,8.0,51440.0,ARMER (6350),YELLOW JACK E2SW,,,8539.0,169,"1,556",1500,0.0,225,"4,173",4173,2.0,ARMER,6350,750.0,562.5,2086.5,1564.875
Aug 2021,Y,Oil,8.0,51505.0,ARMER (6350),6 POUNDER SE,,,8250.0,153,"2,877",2748,0.0,282,"15,828",15828,2.0,ARMER,6350,1374.0,1030.5,7914.0,5935.5
Aug 2021,Y,Oil,8.0,51511.0,ARMER (6350),6 POUNDER NW,,,8250.0,14,364,359,0.0,19,"1,262",1262,2.0,ARMER,6350,179.5,134.625,631.0,473.25
Aug 2021,Y,Oil,8.0,51558.0,ARMER (6350),6 POUNDER SW,,,8250.0,26,784,770,0.0,40,"2,584",2584,2.0,ARMER,6350,385.0,288.75,1292.0,969.0
Aug 2021,Y,Oil,8.0,52339.0,ARMER (6350),6 POUNDER NESW,,,8250.0,76,"2,517",2463,0.0,130,"8,178",8178,2.0,ARMER,6350,1231.5,923.625,4089.0,3066.75
Aug 2021,,Oil,8.0,52471.0,ARMER (6350),YELLOW JACK NW,,,8539.0,112,"1,147",1093,0.0,166,"5,779",5779,2.0,ARMER,6350,546.5,409.875,2889.5,2167.125
Aug 2021,,Oil,8.0,52831.0,ARMER (6350),YELLOW JACK SWSW,,,8539.0,57,593,564,0.0,86,"2,098",2098,2.0,ARMER,6350,282.0,211.5,1049.0,786.75
Aug 2021,,Oil,8.0,52899.0,ARMER (6350),6 POUNDER SENE,,,8250.0,30,386,376,0.0,40,"10,473",10473,2.0,ARMER,6350,188.0,141.0,5236.5,3927.375
Aug 2021,Y,Oil,8.0,53087.0,ARMER (6350),6 POUNDER NWSW,,,8250.0,89,"2,785",2730,0.0,144,"7,562",7562,2.0,ARMER,6350,1365.0,1023.75,3781.0,2835.75
Aug 2021,,Oil,8.0,53148.0,ARMER (6350),LANDLUBBER 94,,,8026.0,11,347,333,0.0,25,"2,040",2040,2.0,ARMER,6350,166.5,124.875,1020.0,765.0
Aug 2021,,Oil,8.0,53161.0,ARMER (6350),STEDE BONNET,,,9194.0,128,"1,697",1739,0.0,86,"6,305",6305,2.0,ARMER,6350,869.5,652.125,3152.5,2364.375
Aug 2021,Y,Oil,8.0,53167.0,ARMER (6350),6 POUNDER SWNW,,,8250.0,181,"6,477",6324,0.0,334,"6,537",6537,2.0,ARMER,6350,3162.0,2371.5,3268.5,2451.375
Aug 2021,Y,Oil,8.0,53168.0,ARMER (6350),STEDE BONNET NW,,,9194.0,71,"1,598",1588,0.0,81,"15,828",15828,2.0,ARMER,6350,794.0,595.5,7914.0,5935.5
Aug 2021,,Oil,8.0,20283.0,BLOCK B-21 (TUBB),"WADDELL, W. N., ETAL",,,4030.0,0,0,0,,0,0,0,,BLOCK B-21,TUBB,0.0,0.0,0.0,0.0
Aug 2021,,Gas,8.0,19634.0,BLOCK 27 (MCKEE),"WADDELL, W. N., ET AL",  565  ,,,0,0,0,,0,0,0,,BLOCK 27,MCKEE,0.0,0.0,0.0,0.0
Aug 2021,,Gas,8.0,34093.0,BLOCK 27 (MCKEE),"WADDELL, W. N., ET AL",  417  ,,,0,0,0,,0,0,0,,BLOCK 27,MCKEE,0.0,0.0,0.0,0.0
Aug 2021,,Gas,8.0,35607.0,BLOCK 27 (MCKEE),"WADDELL, W. N., ET AL",  889  ,,,0,0,0,,0,504,504,2.0,BLOCK 27,MCKEE,0.0,0.0,252.0,189.0
Aug 2021,,Gas,8.0,35665.0,BLOCK 27 (MCKEE),"WADDELL, W. N., ET AL",  896  ,,,0,0,0,,0,786,786,2.0,BLOCK 27,MCKEE,0.0,0.0,393.0,294.75
Aug 2021,,Oil,8.0,21511.0,"BLOCK 31, NW. (PENN UPPER)","WADDELL, W. N.",,,3805.0,292,156,177,1.0,271,14,14,2.0,BLOCK 31,PENN UPPER,88.5,66.375,7.0,5.25
Aug 2021,,Oil,8.0,39805.0,"BLOCK 31, NW. (PENN UPPER)",ROADRUNNER 1,,,,373,86,0,,459,49,49,2.0,BLOCK 31,PENN UPPER,0.0,0.0,24.5,18.375
Aug 2021,,Oil,8.0,9908.0,C-BAR (SAN ANDRES),"WADDELL, W. N., ETAL",,,4405.0,0,0,0,,0,0,0,,C-BAR,SAN ANDRES,0.0,0.0,0.0,0.0
Aug 2021,,Oil,8.0,690.0,CORDONA LAKE,"WADDELL, W.N. ET AL TR. -I-",,,,30,205,204,1.0,31,"5,729",5729,2.0,CORDONA LAKE,CORDONA LAKE,102.0,76.5,2864.5,2148.375
Aug 2021,,Oil,8.0,15557.0,"CORDONA LAKE, NORTH (DEVONIAN)","WADDELL, W.N. ET AL TR. -I-",,,5397.0,31,160,167,1.0,24,599,599,2.0,CORDONA LAKE,DEVONIAN,83.5,62.625,299.5,224.625
Aug 2021,,Oil,8.0,20062.0,"CORDONA LAKE, NORTH (TUBB 4500)","WADDELL, W. N. ET AL TR. I",,,3803.0,62,229,256,1.0,35,218,218,2.0,CORDONA LAKE,TUBB 4500,128.0,96.0,109.0,81.75
Aug 2021,,Oil,8.0,19893.0,"CORDONA LAKE, SW. (DEV.)","WADDELL, W.N. ET AL TR. -I-",,,5397.0,87,588,586,1.0,89,191,191,2.0,CORDONA LAKE,DEV.,293.0,219.75,95.5,71.625
Aug 2021,,Oil,8.0,19608.0,"CORDONA LAKE, WEST (DEV.)","WADDELL, W.N. ET AL TR. -I-",,,5397.0,187,"1,649",1587,1.0,249,"11,429",11429,2.0,CORDONA LAKE,DEV.,793.5,595.125,5714.5,4285.875
Aug 2021,Y,Oil,8.0,20417.0,"COWDEN, NORTH",BLOCK 9 UNIT,,,,201,0,0,,179,0,0,,COWDEN,"COWDEN, NORTH",0.0,0.0,0.0,0.0
Aug 2021,,Oil,8.0,53786.0,CRAWAR (SAN ANDRES CONS.),MAN OF WAR,,,7903.0,0,0,0,,0,0,0,,CRAWAR,SAN ANDRES CONS.,0.0,0.0,0.0,0.0
Aug 2021,,Oil,8.0,17168.0,DELL (SAN ANDRES),WADDELL,,,,147,101,172,1.0,76,0,0,,DELL,SAN ANDRES,86.0,64.5,0.0,0.0
Aug 2021,,Oil,8.0,1224.0,DUNE,"WADDELL, W. N.",,T,,"1,497","11,965",7777,0.0,"1,570","7,485",7485,2.0,DUNE,DUNE,3888.5,2916.375,3742.5,2806.875
Aug 2021,,,8.0,1224.0,DUNE,"WADDELL, W. N.",,,5399.0,4,115,110,1.0,9,,0,,DUNE,DUNE,55.0,41.25,0.0,0.0
Aug 2021,,,8.0,1224.0,DUNE,"WADDELL, W. N.",,,5424.0,"1,191","8,986",7777,0.0,923,,0,,DUNE,DUNE,3888.5,2916.375,0.0,0.0
Aug 2021,,,8.0,1224.0,DUNE,"WADDELL, W. N.",,,7764.0,54,946,871,1.0,129,,0,,DUNE,DUNE,435.5,326.625,0.0,0.0
Aug 2021,,,8.0,1224.0,DUNE,"WADDELL, W. N.",,,9999.0,248,"1,918",1657,1.0,509,,0,,DUNE,DUNE,828.5,621.375,0.0,0.0
Aug 2021,,Oil,8.0,11915.0,DUNE (WOLFCAMP),"WADDELL, W. N.",,,5399.0,1,0,1,1.0,0,0,0,,DUNE,WOLFCAMP,0.5,0.375,0.0,0.0
Aug 2021,,Oil,8.0,20732.0,"EDWARDS -04-, S. (7900)","WADDELL, W. N.",,,,0,0,0,,0,13,13,2.0,EDWARDS -04-,7900,0.0,0.0,6.5,4.875
Aug 2021,,Oil,8.0,25313.0,G. P. M. (PENN.),"HOGG, FAY HUNTER",,,,54,91,0,,145,30,30,2.0,G. P. M.,PENN.,0.0,0.0,15.0,11.25
Aug 2021,Y,Gas,8.0,36023.0,"GOLDSMITH, EAST (GRAYBURG)",ECTOR -AU- FEE,    2  ,,,115,0,0,,115,0,0,,GOLDSMITH,GRAYBURG,0.0,0.0,0.0,0.0
Aug 2021,,Oil,8.0,36820.0,"GOLDSMITH, EAST (QUEEN)",SCHARBAUER -N-,,,,0,0,0,,0,0,0,,GOLDSMITH,QUEEN,0.0,0.0,0.0,0.0
Aug 2021,Y,Gas,8.0,185905.0,"GOLDSMITH, EAST (QUEEN)","SCHARBAUER ""G""",    8  ,,,,0,0,,0,0,0,,GOLDSMITH,QUEEN,0.0,0.0,0.0,0.0
Aug 2021,Y,Oil,8.0,20084.0,"GOLDSMITH, N. (SAN ANDRES, CON.)",SCHARBAUER -N-,,,,18,0,0,,18,0,0,,GOLDSMITH,"SAN ANDRES, CON.",0.0,0.0,0.0,0.0
Aug 2021,Y,Oil,8.0,3218.0,KERMIT,"WALTON, J. B.",,,5009.0,362,0,0,,147,0,0,,KERMIT,KERMIT,0.0,0.0,0.0,0.0
Aug 2021,Y,Oil,8.0,3264.0,KERMIT (ELLENBURGER),STATE WALTON -E-,,,,301,0,0,,356,0,0,,KERMIT,ELLENBURGER,0.0,0.0,0.0,0.0
Aug 2021,Y,Oil,8.0,36172.0,KERMIT (MCKEE),STATE WALTON -E- A/C 4,,,,85,0,0,,32,0,0,,KERMIT,MCKEE,0.0,0.0,0.0,0.0
Aug 2021,Y,Gas,8.0,159640.0,KERMIT (MCKEE),"STATE-WALTON ""E""",   27  ,,,67,0,0,,113,0,0,,KERMIT,MCKEE,0.0,0.0,0.0,0.0
Aug 2021,Y,Gas,8.0,176381.0,KERMIT (MCKEE),STATE-WALTON -E- A/C 4,    1M ,,5439.0,,0,0,,0,0,0,,KERMIT,MCKEE,0.0,0.0,0.0,0.0
Aug 2021,Y,Gas,8.0,177879.0,KERMIT (MCKEE),"STATE-WALTON ""E""",   36M ,,5439.0,,0,0,,0,0,0,,KERMIT,MCKEE,0.0,0.0,0.0,0.0
Aug 2021,Y,Gas,8.0,178576.0,KERMIT (MCKEE),"STATE-WALTON ""E""",   35M ,,5439.0,,0,0,,0,0,0,,KERMIT,MCKEE,0.0,0.0,0.0,0.0
Aug 2021,Y,Gas,8.0,178577.0,KERMIT (MCKEE),"STATE-WALTON ""E""",   37M ,,5439.0,,0,0,,0,0,0,,KERMIT,MCKEE,0.0,0.0,0.0,0.0
Aug 2021,Y,Gas,8.0,202802.0,KERMIT (MCKEE),STATE WALTON -E-,   34M ,,5439.0,,0,0,,0,0,0,,KERMIT,MCKEE,0.0,0.0,0.0,0.0
Aug 2021,,Gas,8.0,20262.0,KERMIT (YATES),STATE-WALTON,   36 C,,,0,0,0,,0,0,0,,KERMIT,YATES,0.0,0.0,0.0,0.0
Aug 2021,Y,Gas,8.0,39223.0,KERMIT (YATES),"WALTON, J. B.",  300 U,,,,0,0,,0,0,0,,KERMIT,YATES,0.0,0.0,0.0,0.0
Aug 2021,Y,Gas,8.0,113075.0,KERMIT (YATES),"WALTON, J. B.",  218  ,,,,0,0,,0,0,0,,KERMIT,YATES,0.0,0.0,0.0,0.0
Aug 2021,Y,Gas,8.0,125356.0,KERMIT (YATES),"WALTON, J. B.",  319  ,,,,0,0,,0,0,0,,KERMIT,YATES,0.0,0.0,0.0,0.0
Aug 2021,Y,Gas,8.0,125849.0,KERMIT (YATES),STATE WALTON,   76  ,,,,0,0,,0,0,0,,KERMIT,YATES,0.0,0.0,0.0,0.0
Aug 2021,Y,Gas,8.0,125923.0,KERMIT (YATES),"WALTON, J. B.",  320  ,,,,0,0,,0,0,0,,KERMIT,YATES,0.0,0.0,0.0,0.0
Aug 2021,Y,Gas,8.0,125924.0,KERMIT (YATES),"WALTON, J. B.",  321  ,,,,0,0,,0,0,0,,KERMIT,YATES,0.0,0.0,0.0,0.0
Aug 2021,Y,Gas,8.0,126251.0,KERMIT (YATES),"WALTON, J. B.",  324  ,,,,0,0,,0,0,0,,KERMIT,YATES,0.0,0.0,0.0,0.0
Aug 2021,Y,Gas,8.0,126252.0,KERMIT (YATES),"WALTON, J. B.",  325  ,,,,0,0,,0,0,0,,KERMIT,YATES,0.0,0.0,0.0,0.0
Aug 2021,Y,Gas,8.0,126253.0,KERMIT (YATES),"WALTON, J. B.",  327  ,,,,0,0,,0,0,0,,KERMIT,YATES,0.0,0.0,0.0,0.0
Aug 2021,Y,Gas,8.0,126254.0,KERMIT (YATES),"WALTON, J. B.",  328  ,,,,0,0,,0,0,0,,KERMIT,YATES,0.0,0.0,0.0,0.0
Aug 2021,Y,Gas,8.0,126255.0,KERMIT (YATES),"WALTON, J. B.",  329  ,,,,0,0,,0,0,0,,KERMIT,YATES,0.0,0.0,0.0,0.0
Aug 2021,Y,Gas,8.0,126354.0,KERMIT (YATES),"WALTON, J. B.",  296  ,,,,0,0,,0,0,0,,KERMIT,YATES,0.0,0.0,0.0,0.0
Aug 2021,Y,Gas,8.0,128612.0,KERMIT (YATES),STATE-WALTON,   71  ,,,,0,0,,0,0,0,,KERMIT,YATES,0.0,0.0,0.0,0.0
Aug 2021,Y,Gas,8.0,128948.0,KERMIT (YATES),"WALTON, J. B.",  330  ,,,,0,0,,0,0,0,,KERMIT,YATES,0.0,0.0,0.0,0.0
Aug 2021,Y,Gas,8.0,128959.0,KERMIT (YATES),"WALTON, J. B.",  335  ,,,,0,0,,0,0,0,,KERMIT,YATES,0.0,0.0,0.0,0.0
Aug 2021,Y,Gas,8.0,129967.0,KERMIT (YATES),"WALTON, J. B.",  337  ,,,,0,0,,0,0,0,,KERMIT,YATES,0.0,0.0,0.0,0.0
Aug 2021,Y,Gas,8.0,129968.0,KERMIT (YATES),"WALTON, J. B.",  338  ,,,,0,0,,0,0,0,,KERMIT,YATES,0.0,0.0,0.0,0.0
Aug 2021,Y,Gas,8.0,130227.0,KERMIT (YATES),"WALTON, J. B.",  332  ,,,,0,0,,0,0,0,,KERMIT,YATES,0.0,0.0,0.0,0.0
Aug 2021,Y,Gas,8.0,130310.0,KERMIT (YATES),"WALTON, J. B.",  339  ,,,,0,0,,0,0,0,,KERMIT,YATES,0.0,0.0,0.0,0.0
Aug 2021,Y,Gas,8.0,130375.0,KERMIT (YATES),"WALTON, J. B.",  342  ,,,,0,0,,0,0,0,,KERMIT,YATES,0.0,0.0,0.0,0.0
Aug 2021,Y,Gas,8.0,130531.0,KERMIT (YATES),STATE-WALTON,   85  ,,,,0,0,,0,0,0,,KERMIT,YATES,0.0,0.0,0.0,0.0
Aug 2021,Y,Gas,8.0,130657.0,KERMIT (YATES),"WALTON, J. B.",  341  ,,5009.0,,0,0,,0,0,0,,KERMIT,YATES,0.0,0.0,0.0,0.0
Aug 2021,Y,Gas,8.0,130798.0,KERMIT (YATES),"WALTON, J. B.",  286  ,,,,0,0,,0,0,0,,KERMIT,YATES,0.0,0.0,0.0,0.0
Aug 2021,Y,Gas,8.0,131342.0,KERMIT (YATES),STATE WALTON,   87  ,,,,0,0,,0,0,0,,KERMIT,YATES,0.0,0.0,0.0,0.0
Aug 2021,Y,Gas,8.0,131343.0,KERMIT (YATES),STATE WALTON,   86  ,,,,0,0,,0,0,0,,KERMIT,YATES,0.0,0.0,0.0,0.0
Aug 2021,Y,Gas,8.0,131838.0,KERMIT (YATES),"WALTON, J. B.",  314  ,,,,0,0,,0,0,0,,KERMIT,YATES,0.0,0.0,0.0,0.0
Aug 2021,Y,Gas,8.0,132004.0,KERMIT (YATES),"WALTON, J. B.",  336  ,,,,0,0,,0,0,0,,KERMIT,YATES,0.0,0.0,0.0,0.0
Aug 2021,Y,Gas,8.0,133925.0,KERMIT (YATES),STATE WALTON,   88  ,,,,0,0,,0,0,0,,KERMIT,YATES,0.0,0.0,0.0,0.0
Aug 2021,Y,Gas,8.0,134801.0,KERMIT (YATES),"WALTON, J. B.",  346  ,,,,0,0,,0,0,0,,KERMIT,YATES,0.0,0.0,0.0,0.0
Aug 2021,Y,Gas,8.0,150248.0,KERMIT (YATES),"WALTON, J. B.",  194  ,,,,0,0,,0,0,0,,KERMIT,YATES,0.0,0.0,0.0,0.0
Aug 2021,Y,Gas,8.0,150252.0,KERMIT (YATES),"WALTON, J.B. AC/2",  198  ,,,,0,0,,0,0,0,,KERMIT,YATES,0.0,0.0,0.0,0.0
Aug 2021,Y,Gas,8.0,151063.0,KERMIT (YATES),STATE WALTON,   67  ,,,,0,0,,0,0,0,,KERMIT,YATES,0.0,0.0,0.0,0.0
Aug 2021,Y,Gas,8.0,153552.0,KERMIT (YATES),STATE WALTON,   69  ,,,,0,0,,0,0,0,,KERMIT,YATES,0.0,0.0,0.0,0.0
Aug 2021,Y,Gas,8.0,154633.0,KERMIT (YATES),"WALTON, J. B.",  297  ,,,,0,0,,0,0,0,,KERMIT,YATES,0.0,0.0,0.0,0.0
Aug 2021,Y,Gas,8.0,156468.0,KERMIT (YATES),"WALTON, J. B.",  301  ,,,,0,0,,0,0,0,,KERMIT,YATES,0.0,0.0,0.0,0.0
Aug 2021,Y,Gas,8.0,159638.0,KERMIT (YATES),"WALTON, J. B",  348  ,,,,0,0,,0,0,0,,KERMIT,YATES,0.0,0.0,0.0,0.0
Aug 2021,Y,Gas,8.0,163363.0,KERMIT (YATES),"WALTON, J. B.",  291  ,,,,0,0,,0,0,0,,KERMIT,YATES,0.0,0.0,0.0,0.0
Aug 2021,,Gas,8.0,166074.0,KERMIT (YATES),"WALTON, J. B.",  295  ,,,0,0,0,,0,0,0,,KERMIT,YATES,0.0,0.0,0.0,0.0
Aug 2021,,Gas,8.0,166717.0,KERMIT (YATES),"WALTON, J. B.",  310  ,,5009.0,0,0,0,,0,0,0,,KERMIT,YATES,0.0,0.0,0.0,0.0
Aug 2021,Y,Oil,8.0,3286.0,KEYSTONE (COLBY),STATE-WALTON A/C 2,,,,214,0,0,,203,0,0,,KEYSTONE,COLBY,0.0,0.0,0.0,0.0
Aug 2021,Y,Oil,8.0,3287.0,KEYSTONE (COLBY),"WALTON, J. B. A/C 2",,,5009.0,715,0,0,,545,0,0,,KEYSTONE,COLBY,0.0,0.0,0.0,0.0
Aug 2021,Y,Oil,8.0,3317.0,KEYSTONE (COLBY),"BASHARA, J. M.",,,3626.0,126,0,0,,69,0,0,,KEYSTONE,COLBY,0.0,0.0,0.0,0.0
Aug 2021,Y,Oil,8.0,3320.0,KEYSTONE (COLBY),"PERKINS, J. J. -B- UPPER",,,,59,0,0,,59,0,0,,KEYSTONE,COLBY,0.0,0.0,0.0,0.0
Aug 2021,Y,Oil,8.0,27106.0,KEYSTONE (COLBY),KEYSTONE CATTLE COMPANY,,,5122.0,107,0,0,,8,0,0,,KEYSTONE,COLBY,0.0,0.0,0.0,0.0
Aug 2021,Y,Oil,8.0,31917.0,KEYSTONE (COLBY),WADDELL,,,5584.0,,0,0,,0,0,0,,KEYSTONE,COLBY,0.0,0.0,0.0,0.0
Aug 2021,Y,Gas,8.0,257525.0,KEYSTONE (COLBY),"WALTON, J. B. A/C 2",  347  ,,5009.0,,0,0,,0,0,0,,KEYSTONE,COLBY,0.0,0.0,0.0,0.0
Aug 2021,Y,Oil,8.0,46977.0,KEYSTONE (CONSOLIDATED),BASHARA-PROTHRO,,,,525,0,0,,785,0,0,,KEYSTONE,CONSOLIDATED,0.0,0.0,0.0,0.0
Aug 2021,Y,Oil,8.0,46979.0,KEYSTONE (CONSOLIDATED),"BASHARA, J. M.",,,,176,0,0,,185,0,0,,KEYSTONE,CONSOLIDATED,0.0,0.0,0.0,0.0
Aug 2021,Y,Oil,8.0,46980.0,KEYSTONE (CONSOLIDATED),KEYSTONE CATTLE CO.,,,,,0,0,,0,0,0,,KEYSTONE,CONSOLIDATED,0.0,0.0,0.0,0.0
Aug 2021,Y,Oil,8.0,46984.0,KEYSTONE (CONSOLIDATED),"BASHARA, M. J.",,,,,0,0,,0,0,0,,KEYSTONE,CONSOLIDATED,0.0,0.0,0.0,0.0
Aug 2021,Y,Oil,8.0,46985.0,KEYSTONE (CONSOLIDATED),EAST KEYSTONE (SAN A HOLT UNIT),,,,"1,964",0,0,,"2,169",0,0,,KEYSTONE,CONSOLIDATED,0.0,0.0,0.0,0.0
Aug 2021,Y,Oil,8.0,49976.0,KEYSTONE (CONSOLIDATED),STATE-WALTON 'E',,,,334,0,0,,482,0,0,,KEYSTONE,CONSOLIDATED,0.0,0.0,0.0,0.0
Aug 2021,Y,Gas,8.0,152785.0,KEYSTONE (CONSOLIDATED),"BASHARA, M.J. UNIT",    1  ,,,89,0,0,,52,0,0,,KEYSTONE,CONSOLIDATED,0.0,0.0,0.0,0.0
Aug 2021,Y,Gas,8.0,183074.0,KEYSTONE (CONSOLIDATED),STATE-WALTON 'E',   38H ,,,,0,0,,0,0,0,,KEYSTONE,CONSOLIDATED,0.0,0.0,0.0,0.0
Aug 2021,Y,Oil,8.0,23120.0,KEYSTONE (SAN ANDRES),WADDELL,,,5584.0,239,0,0,,249,0,0,,KEYSTONE,SAN ANDRES,0.0,0.0,0.0,0.0
Aug 2021,Y,Oil,8.0,23838.0,KEYSTONE (SAN ANDRES),"WALTON ESTATE ""A""",,,,,0,0,,0,0,0,,KEYSTONE,SAN ANDRES,0.0,0.0,0.0,0.0
Aug 2021,,Oil,8.0,35668.0,KEYSTONE (SAN ANDRES),"J.J. PERKINS ""C""",,,,93,0,0,,93,0,0,,KEYSTONE,SAN ANDRES,0.0,0.0,0.0,0.0
Aug 2021,Y,Oil,8.0,43007.0,KEYSTONE (SAN ANDRES),EAST KEYSTONE(SAN A HOLT UNIT),,,,104,0,0,,111,0,0,,KEYSTONE,SAN ANDRES,0.0,0.0,0.0,0.0
Aug 2021,Y,Oil,8.0,26628.0,"KEYSTONE, SW. (SAN ANDRES)",KEYSTONE CATTLE COMPANY,,,5122.0,263,0,0,,528,0,0,,KEYSTONE,SAN ANDRES,0.0,0.0,0.0,0.0
Aug 2021,,Oil,8.0,17869.0,LEA (SAN ANDRES),"WADDELL, W. N. ET AL TR. H",,,4352.0,22,56,59,0.0,19,5,5,2.0,LEA,SAN ANDRES,29.5,22.125,2.5,1.875
Aug 2021,,Oil,8.0,20935.0,"LEA, SOUTH (CLEAR FORK)","WADDELL, W. N. ET AL TR. H",,,4352.0,108,287,299,0.0,96,14,14,2.0,LEA,CLEAR FORK,149.5,112.125,7.0,5.25
Aug 2021,,Oil,8.0,28619.0,"LEA, SOUTH (SAN ANGELO)","WADDELL, W.N. ETAL TR. H",,,4352.0,229,656,665,0.0,220,26,26,2.0,LEA,SAN ANGELO,332.5,249.375,13.0,9.75
Aug 2021,,Oil,8.0,26509.0,MARSTON RANCH (CLEARFORK),EDWARDS,,,,151,30,0,,181,0,0,,MARSTON RANCH,CLEARFORK,0.0,0.0,0.0,0.0
Aug 2021,,Oil,8.0,40713.0,MARSTON RANCH (CLEARFORK),WINTER,,,,434,664,849,1.0,249,"2,618",2618,2.0,MARSTON RANCH,CLEARFORK,424.5,318.375,1309.0,981.75
Aug 2021,,Oil,8.0,42684.0,MARSTON RANCH (CLEARFORK),GRAHAM,,,,665,"2,376",2470,1.0,571,"7,093",7093,2.0,MARSTON RANCH,CLEARFORK,1235.0,926.25,3546.5,2659.875
Aug 2021,,Oil,8.0,43408.0,MARSTON RANCH (CLEARFORK),DAVID L. MARSTON,,,,547,"1,825",1917,1.0,455,"7,416",7416,2.0,MARSTON RANCH,CLEARFORK,958.5,718.875,3708.0,2781.0
Aug 2021,,Oil,8.0,44073.0,MARSTON RANCH (CLEARFORK),ALLAR-MARSTON,,,7588.0,477,"1,061",1197,1.0,341,"2,031",2031,2.0,MARSTON RANCH,CLEARFORK,598.5,448.875,1015.5,761.625
Aug 2021,Y,Oil,8.0,45832.0,MARSTON RANCH (CLEARFORK),MARSTON-KOEHN,,,,225,51,0,,276,135,135,2.0,MARSTON RANCH,CLEARFORK,0.0,0.0,67.5,50.625
Aug 2021,,Oil,8.0,46148.0,MARSTON RANCH (CLEARFORK),DABB,,,,147,52,0,,199,120,120,2.0,MARSTON RANCH,CLEARFORK,0.0,0.0,60.0,45.0
Aug 2021,,Oil,8.0,47993.0,MARSTON RANCH (CLEARFORK),EDWARD TEACH,,,7649.0,186,347,385,1.0,148,"1,434",1434,2.0,MARSTON RANCH,CLEARFORK,192.5,144.375,717.0,537.75
Aug 2021,,Oil,8.0,48135.0,MARSTON RANCH (CLEARFORK),QUEEN ANNES REVENGE,,,,504,"1,039",1220,1.0,323,"3,014",3014,2.0,MARSTON RANCH,CLEARFORK,610.0,457.5,1507.0,1130.25
Aug 2021,,Oil,8.0,48336.0,MARSTON RANCH (CLEARFORK),EDWARD TEACH SE,,,7649.0,155,360,361,1.0,154,"1,094",1094,2.0,MARSTON RANCH,CLEARFORK,180.5,135.375,547.0,410.25
Aug 2021,,Oil,8.0,49375.0,MARSTON RANCH (CLEARFORK),EDWARD TEACH SW,,,7649.0,48,131,123,1.0,56,378,378,2.0,MARSTON RANCH,CLEARFORK,61.5,46.125,189.0,141.75
Aug 2021,,Oil,8.0,51749.0,MARSTON RANCH (CLEARFORK),MAN OF WAR W,,,7903.0,0,0,0,,0,0,0,,MARSTON RANCH,CLEARFORK,0.0,0.0,0.0,0.0
Aug 2021,,Oil,8.0,53025.0,MARSTON RANCH (CLEARFORK),BLACK BART,,,7903.0,140,0,0,,140,0,0,,MARSTON RANCH,CLEARFORK,0.0,0.0,0.0,0.0
Aug 2021,,Oil,8.0,53422.0,MARSTON RANCH (CLEARFORK),SWASHBUCKLER,,,7781.0,320,240,339,1.0,221,"1,497",1497,2.0,MARSTON RANCH,CLEARFORK,169.5,127.125,748.5,561.375
Aug 2021,,Oil,8.0,53498.0,MARSTON RANCH (CLEARFORK),SWASHBUCKLER SE,,,7781.0,10,63,15,1.0,58,310,310,2.0,MARSTON RANCH,CLEARFORK,7.5,5.625,155.0,116.25
Aug 2021,,Oil,8.0,4232.0,"MCKEE (CLEAR FORK, LOWER)","WADDELL, W. N., ETAL",,,3803.0,0,0,0,,0,0,0,,MCKEE,"CLEAR FORK, LOWER",0.0,0.0,0.0,0.0
Aug 2021,,Gas,8.0,186517.0,"MCKEE (CLEAR FORK, MID.)","WADDELL, W. N. ET AL TR. I",  218  ,,3803.0,0,0,0,,0,383,383,2.0,MCKEE,"CLEAR FORK, MID.",0.0,0.0,191.5,143.625
Aug 2021,,Gas,8.0,192876.0,"MCKEE (CLEAR FORK, MID.)","WADDELL, W. N. ET AL TR. I",  301  ,,3803.0,0,0,0,,0,"1,512",1512,2.0,MCKEE,"CLEAR FORK, MID.",0.0,0.0,756.0,567.0
Aug 2021,,Gas,8.0,194368.0,"MCKEE (CLEAR FORK, MID.)","WADDELL, W. N. ET AL",  232  ,,3803.0,0,0,0,,0,671,671,2.0,MCKEE,"CLEAR FORK, MID.",0.0,0.0,335.5,251.625
Aug 2021,,Gas,8.0,212805.0,"MCKEE (CLEAR FORK, MID.)","WADDELL, W. N. ET AL",  261  ,,,0,0,0,,0,0,0,,MCKEE,"CLEAR FORK, MID.",0.0,0.0,0.0,0.0
Aug 2021,,Oil,8.0,24408.0,MCKEE (WOLFCAMP),"WADDELL, W. N. ET AL TR 1",,,3803.0,0,0,0,,0,0,0,,MCKEE,WOLFCAMP,0.0,0.0,0.0,0.0
Aug 2021,,Oil,8.0,50100.0,MONAHANS (CLEAR FORK),DOUBLOON,,,,172,0,0,,172,0,0,,MONAHANS,CLEAR FORK,0.0,0.0,0.0,0.0
Aug 2021,,Oil,8.0,52655.0,MONAHANS (CLEAR FORK),OCRACOKE ISLAND,,,,85,0,0,,85,0,0,,MONAHANS,CLEAR FORK,0.0,0.0,0.0,0.0
Aug 2021,,Oil,8.0,51099.0,"MONAHANS, NORTH",SEALY SMITH FOUNDATION -A-,,,8814.0,637,"6,392",6280,1.0,749,"59,053",59053,2.0,MONAHANS,"MONAHANS, NORTH",3140.0,2355.0,29526.5,22144.875
Aug 2021,,Oil,8.0,55551.0,"MONAHANS, NORTH",NELSON'S FOLLY,,,8814.0,39,532,528,1.0,43,"1,478",1478,2.0,MONAHANS,"MONAHANS, NORTH",264.0,198.0,739.0,554.25
Aug 2021,,Oil,8.0,55726.0,"MONAHANS, NORTH",DORADO,,,,241,0,0,,241,0,0,,MONAHANS,"MONAHANS, NORTH",0.0,0.0,0.0,0.0
Aug 2021,,Oil,8.0,34235.0,"MONAHANS, NORTH (CLEARFORK)","HOGG, F. H.",,,8146.0,88,28,0,,116,0,0,,MONAHANS,CLEARFORK,0.0,0.0,0.0,0.0
Aug 2021,,Oil,8.0,48675.0,"MONAHANS, NORTH (CLEARFORK)",WALK THE PLANK,,,8672.0,614,"2,101",2036,1.0,679,"10,708",10708,2.0,MONAHANS,CLEARFORK,1018.0,763.5,5354.0,4015.5
Aug 2021,,Oil,8.0,49056.0,"MONAHANS, NORTH (CLEARFORK)","MITCHELL, C.",,,,45,0,0,,45,0,0,,MONAHANS,CLEARFORK,0.0,0.0,0.0,0.0
Aug 2021,,Oil,8.0,49301.0,"MONAHANS, NORTH (CLEARFORK)",MAROONER,,,8107.0,471,"4,277",4174,1.0,574,"13,168",13168,2.0,MONAHANS,CLEARFORK,2087.0,1565.25,6584.0,4938.0
Aug 2021,Y,Oil,8.0,49353.0,"MONAHANS, NORTH (CLEARFORK)",FRANCIS DRAKE,,,8146.0,459,"2,226",2229,1.0,456,"11,483",11483,2.0,MONAHANS,CLEARFORK,1114.5,835.875,5741.5,4306.125
Aug 2021,,Oil,8.0,49490.0,"MONAHANS, NORTH (CLEARFORK)",SEALY SMITH FOUNDATION -A-,,,8814.0,"2,496","15,049",15341,1.0,"2,204","88,167",88167,2.0,MONAHANS,CLEARFORK,7670.5,5752.875,44083.5,33062.625
Aug 2021,,Oil,8.0,49561.0,"MONAHANS, NORTH (CLEARFORK)",HORNSWOGGLE,,,,668,"6,684",6842,1.0,510,"18,896",18896,2.0,MONAHANS,CLEARFORK,3421.0,2565.75,9448.0,7086.0
Aug 2021,Y,Oil,8.0,50028.0,"MONAHANS, NORTH (CLEARFORK)","SEALY-SMITH FOUNDATION ""B""",,,,997,"8,880",8418,1.0,"1,459","61,567",61567,2.0,MONAHANS,CLEARFORK,4209.0,3156.75,30783.5,23087.625
Aug 2021,,Oil,8.0,50090.0,"MONAHANS, NORTH (CLEARFORK)",PEG LEG,,,,0,0,0,,0,0,0,,MONAHANS,CLEARFORK,0.0,0.0,0.0,0.0
Aug 2021,,Oil,8.0,50130.0,"MONAHANS, NORTH (CLEARFORK)",COMMANDEER,,,8107.0,286,"2,050",2102,1.0,234,"14,056",14056,2.0,MONAHANS,CLEARFORK,1051.0,788.25,7028.0,5271.0
Aug 2021,,Oil,8.0,50423.0,"MONAHANS, NORTH (CLEARFORK)",FRANCIS DRAKE N,,,8146.0,341,"1,859",1819,1.0,381,"8,768",8768,2.0,MONAHANS,CLEARFORK,909.5,682.125,4384.0,3288.0
Aug 2021,,Oil,8.0,51085.0,"MONAHANS, NORTH (CLEARFORK)",GILDED LADY,,,,0,0,0,,0,0,0,,MONAHANS,CLEARFORK,0.0,0.0,0.0,0.0
Aug 2021,,Oil,8.0,51202.0,"MONAHANS, NORTH (CLEARFORK)",CAPTAIN MORGAN,,,8107.0,344,"2,486",2593,1.0,237,"11,045",11045,2.0,MONAHANS,CLEARFORK,1296.5,972.375,5522.5,4141.875
Aug 2021,,Oil,8.0,52357.0,"MONAHANS, NORTH (CLEARFORK)",SPANISH MAIN W,,,8814.0,278,"2,516",2651,1.0,143,"10,334",10334,2.0,MONAHANS,CLEARFORK,1325.5,994.125,5167.0,3875.25
Aug 2021,,Oil,8.0,52884.0,"MONAHANS, NORTH (CLEARFORK)",PRIVATEER,,,8844.0,142,"1,890",1881,1.0,151,"4,416",4416,2.0,MONAHANS,CLEARFORK,940.5,705.375,2208.0,1656.0
Aug 2021,,Oil,8.0,52891.0,"MONAHANS, NORTH (CLEARFORK)",DRAKE'S DRUM,,,8844.0,91,"1,201",1196,1.0,96,"8,853",8853,2.0,MONAHANS,CLEARFORK,598.0,448.5,4426.5,3319.875
Aug 2021,,Oil,8.0,53009.0,"MONAHANS, NORTH (CLEARFORK)",CAPTAIN KIDD,,T,,565,"1,816",1848,1.0,533,"5,086",5086,2.0,MONAHANS,CLEARFORK,924.0,693.0,2543.0,1907.25
Aug 2021,,,8.0,53009.0,"MONAHANS, NORTH (CLEARFORK)",CAPTAIN KIDD,,,8672.0,118,385,378,1.0,125,,0,,MONAHANS,CLEARFORK,189.0,141.75,0.0,0.0
Aug 2021,,,8.0,53009.0,"MONAHANS, NORTH (CLEARFORK)",CAPTAIN KIDD,,,9999.0,447,"1,431",1470,1.0,408,,0,,MONAHANS,CLEARFORK,735.0,551.25,0.0,0.0
Aug 2021,,Oil,8.0,53084.0,"MONAHANS, NORTH (CLEARFORK)",DINGHY,,,8844.0,135,"1,917",1899,1.0,153,"13,928",13928,2.0,MONAHANS,CLEARFORK,949.5,712.125,6964.0,5223.0
Aug 2021,,Oil,8.0,55529.0,"MONAHANS, NORTH (CLEARFORK)",MARY READ,,,9602.0,10,291,286,1.0,15,981,981,2.0,MONAHANS,CLEARFORK,143.0,107.25,490.5,367.875
Aug 2021,Y,Oil,8.0,55690.0,"MONAHANS, NORTH (CLEARFORK)",THE DOCTOR,,,8844.0,255,"3,283",3276,1.0,262,"15,537",15537,2.0,MONAHANS,CLEARFORK,1638.0,1228.5,7768.5,5826.375
Aug 2021,Y,Oil,8.0,55836.0,"MONAHANS, NORTH (CLEARFORK)",BRASS MONKEY SESE,,,9602.0,97,"1,895",1897,1.0,95,"6,190",6190,2.0,MONAHANS,CLEARFORK,948.5,711.375,3095.0,2321.25
Aug 2021,Y,Oil,8.0,55852.0,"MONAHANS, NORTH (CLEARFORK)",WIDOW MAKER,,,9546.0,71,"2,653",2568,1.0,133,"13,292",13292,2.0,MONAHANS,CLEARFORK,1284.0,963.0,6646.0,4984.5
Aug 2021,,Oil,8.0,56065.0,"MONAHANS, NORTH (CLEARFORK)",FLINTLOCK,,,9602.0,217,"4,169",4177,1.0,209,"8,501",8501,2.0,MONAHANS,CLEARFORK,2088.5,1566.375,4250.5,3187.875
Aug 2021,,Oil,8.0,41270.0,"MONAHANS, NORTH (GLORIETA)","MITCHELL ""D""",,,,225,421,317,1.0,329,20,20,2.0,MONAHANS,GLORIETA,158.5,118.875,10.0,7.5
Aug 2021,,Oil,8.0,42979.0,"MONAHANS, NORTH (GLORIETA)",MITCHELL 'E',,,,278,491,501,1.0,268,22,22,2.0,MONAHANS,GLORIETA,250.5,187.875,11.0,8.25
Aug 2021,,Oil,8.0,35894.0,RM (CLEARFORK),"WADDELL, W. N.",,,5424.0,0,0,0,,0,0,0,,RM,CLEARFORK,0.0,0.0,0.0,0.0
Aug 2021,,Gas,8.0,242283.0,RUNNING W (MCKEE),WADDELL TR A,  544  ,,4030.0,0,0,0,,0,0,0,,RUNNING W,MCKEE,0.0,0.0,0.0,0.0
Aug 2021,,Oil,8.0,16889.0,RUNNING W (TUBB),WADDELL TR A,,,4030.0,54,482,495,0.0,41,"1,071",1071,2.0,RUNNING W,TUBB,247.5,185.625,535.5,401.625
Aug 2021,Y,Gas,8.0,226228.0,RUNNING W (TUBB),WADDELL TR A, 1955  ,,4030.0,53,398,422,0.0,29,"3,680",3680,2.0,RUNNING W,TUBB,211.0,158.25,1840.0,1380.0
Aug 2021,,Oil,8.0,10932.0,RUNNING W (WADDELL),WADDELL TR A,,,4030.0,343,"3,218",3383,0.0,178,"6,785",6785,2.0,RUNNING W,WADDELL,1691.5,1268.625,3392.5,2544.375
Aug 2021,,Oil,8.0,24053.0,RUNNING W (WADDELL),"WADDELL, W. N. ET AL TR. E",,,,0,0,0,,0,0,0,,RUNNING W,WADDELL,0.0,0.0,0.0,0.0
Aug 2021,,Gas,8.0,183068.0,RUNNING W (WADDELL),WADDELL TR A,  380  ,,,0,0,0,,0,0,0,,RUNNING W,WADDELL,0.0,0.0,0.0,0.0
Aug 2021,,Oil,8.0,36037.0,RUNNING W (WICHITA-ALBANY),"MCKNIGHT, M. B. C",,,6933.0,15,214,217,0.0,12,565,565,2.0,RUNNING W,WICHITA-ALBANY,108.5,81.375,282.5,211.875
Aug 2021,,Oil,8.0,48213.0,RUNNING W (WICHITA-ALBANY),"WADDELL, W. N.",,T,,15,82,74,1.0,23,314,314,2.0,RUNNING W,WICHITA-ALBANY,37.0,27.75,157.0,117.75
Aug 2021,,,8.0,48213.0,RUNNING W (WICHITA-ALBANY),"WADDELL, W. N.",,,3501.0,13,26,20,1.0,19,,0,,RUNNING W,WICHITA-ALBANY,10.0,7.5,0.0,0.0
Aug 2021,,,8.0,48213.0,RUNNING W (WICHITA-ALBANY),"WADDELL, W. N.",,,7764.0,2,56,54,1.0,4,,0,,RUNNING W,WICHITA-ALBANY,27.0,20.25,0.0,0.0
Aug 2021,,Oil,8.0,55909.0,RUNNING W (WICHITA-ALBANY),LANDLUBBER,,,8026.0,13,190,189,0.0,14,"4,436",4436,2.0,RUNNING W,WICHITA-ALBANY,94.5,70.875,2218.0,1663.5
Aug 2021,,Gas,8.0,84126.0,RUNNING W (WICHITA-ALBANY),WADDELL TR A, 1085  ,,4030.0,0,0,0,,0,0,0,,RUNNING W,WICHITA-ALBANY,0.0,0.0,0.0,0.0
Aug 2021,,Gas,8.0,203707.0,RUNNING W (WICHITA-ALBANY),CROLEY ESTATE,    1 T,,5393.0,0,0,0,,0,0,0,,RUNNING W,WICHITA-ALBANY,0.0,0.0,0.0,0.0
Aug 2021,,Gas,8.0,261520.0,RUNNING W (WICHITA-ALBANY),M.B. MCKNIGHT,   10  ,,6933.0,9,99,103,0.0,5,"5,441",5441,2.0,RUNNING W,WICHITA-ALBANY,51.5,38.625,2720.5,2040.375
Aug 2021,,Oil,8.0,27161.0,"RUNNING W, N. (HOLT)","MCKNIGHT, M. B. -C-",,,6933.0,0,0,0,,0,0,0,,RUNNING W,HOLT,0.0,0.0,0.0,0.0
Aug 2021,,Oil,8.0,30866.0,"RUNNING W, N. (HOLT)","MCKNIGHT, M.B.",,,6933.0,7,43,48,0.0,2,176,176,2.0,RUNNING W,HOLT,24.0,18.0,88.0,66.0
Aug 2021,,Oil,8.0,45532.0,SAND HILLS (CLEAR FORK),WADDELL TR A,,T,,190,"3,026",3063,0.0,153,"16,734",16734,2.0,SAND HILLS,CLEAR FORK,1531.5,1148.625,8367.0,6275.25
Aug 2021,,,8.0,45532.0,SAND HILLS (CLEAR FORK),WADDELL TR A,,,2572.0,11,27,33,0.0,5,,0,,SAND HILLS,CLEAR FORK,16.5,12.375,0.0,0.0
Aug 2021,,,8.0,45532.0,SAND HILLS (CLEAR FORK),WADDELL TR A,,,3806.0,179,"2,999",3030,0.0,148,,0,,SAND HILLS,CLEAR FORK,1515.0,1136.25,0.0,0.0
Aug 2021,,Oil,8.0,48999.0,SAND HILLS (CLEAR FORK),LANDLUBBER,,,8026.0,662,"6,854",6700,0.0,816,"33,130",33130,2.0,SAND HILLS,CLEAR FORK,3350.0,2512.5,16565.0,12423.75
Aug 2021,,Oil,8.0,52608.0,SAND HILLS (CLEAR FORK),JEAN LAFITTE SE,,,8155.0,35,0,0,,35,0,0,,SAND HILLS,CLEAR FORK,0.0,0.0,0.0,0.0
Aug 2021,,Oil,8.0,52912.0,SAND HILLS (CLEAR FORK),6 POUNDER NE,,,8026.0,240,462,557,0.0,145,"3,353",3353,2.0,SAND HILLS,CLEAR FORK,278.5,208.875,1676.5,1257.375
Aug 2021,,Oil,8.0,53039.0,SAND HILLS (CLEAR FORK),BARATARIA BAY S,,,,81,0,0,,81,0,0,,SAND HILLS,CLEAR FORK,0.0,0.0,0.0,0.0
Aug 2021,,Oil,8.0,53110.0,SAND HILLS (CLEAR FORK),CLEW BAY S,,,8155.0,1,0,0,,1,0,0,,SAND HILLS,CLEAR FORK,0.0,0.0,0.0,0.0
Aug 2021,,Oil,8.0,53207.0,SAND HILLS (CLEAR FORK),LANDLUBBER N,,,8156.0,220,"2,357",2347,0.0,230,"5,265",5265,2.0,SAND HILLS,CLEAR FORK,1173.5,880.125,2632.5,1974.375
Aug 2021,,Oil,8.0,53438.0,SAND HILLS (CLEAR FORK),YELLOW JACK E2SW,,,8539.0,84,177,235,0.0,26,541,541,2.0,SAND HILLS,CLEAR FORK,117.5,88.125,270.5,202.875
Aug 2021,,Oil,8.0,53674.0,SAND HILLS (CLEAR FORK),6 POUNDER NW,,,8250.0,381,"4,539",4445,0.0,475,"58,608",58608,2.0,SAND HILLS,CLEAR FORK,2222.5,1666.875,29304.0,21978.0
Aug 2021,,Oil,8.0,54280.0,SAND HILLS (CLEAR FORK),LANDLUBBER NE,,,8156.0,74,"1,229",1183,0.0,120,"2,506",2506,2.0,SAND HILLS,CLEAR FORK,591.5,443.625,1253.0,939.75
Aug 2021,Y,Oil,8.0,54498.0,SAND HILLS (CLEAR FORK),6 POUNDER SW,,,8250.0,15,362,358,0.0,19,"4,268",4268,2.0,SAND HILLS,CLEAR FORK,179.0,134.25,2134.0,1600.5
Aug 2021,,Oil,8.0,54792.0,SAND HILLS (CLEAR FORK),LANDLUBBER CW,,,8026.0,75,"1,186",1175,0.0,86,"1,010",1010,2.0,SAND HILLS,CLEAR FORK,587.5,440.625,505.0,378.75
Aug 2021,Y,Oil,8.0,54949.0,SAND HILLS (CLEAR FORK),6 POUNDER NESW,,,8250.0,96,"3,097",3033,0.0,160,"16,786",16786,2.0,SAND HILLS,CLEAR FORK,1516.5,1137.375,8393.0,6294.75
Aug 2021,,Oil,8.0,55115.0,SAND HILLS (CLEAR FORK),STEDE BONNET,,,9194.0,105,"2,419",2401,0.0,123,"8,950",8950,2.0,SAND HILLS,CLEAR FORK,1200.5,900.375,4475.0,3356.25
Aug 2021,,Oil,8.0,55289.0,SAND HILLS (CLEAR FORK),6 POUNDER NWNE,,,8250.0,88,882,878,0.0,92,"7,973",7973,2.0,SAND HILLS,CLEAR FORK,439.0,329.25,3986.5,2989.875
Aug 2021,,Oil,8.0,55290.0,SAND HILLS (CLEAR FORK),YELLOW JACK SWSW,,,8539.0,81,428,447,0.0,62,"1,214",1214,2.0,SAND HILLS,CLEAR FORK,223.5,167.625,607.0,455.25
Aug 2021,Y,Oil,8.0,55471.0,SAND HILLS (CLEAR FORK),6 POUNDER NWSW,,,8250.0,83,"2,843",2779,0.0,147,"62,952",62952,2.0,SAND HILLS,CLEAR FORK,1389.5,1042.125,31476.0,23607.0
Aug 2021,,Oil,8.0,55686.0,SAND HILLS (CLEAR FORK),WADDELL TR D,,,4030.0,18,378,387,0.0,9,"1,165",1165,2.0,SAND HILLS,CLEAR FORK,193.5,145.125,582.5,436.875
Aug 2021,,Oil,8.0,56262.0,SAND HILLS (CLEAR FORK),6 POUNDER SE,,,8250.0,31,654,617,0.0,68,"9,307",9307,2.0,SAND HILLS,CLEAR FORK,308.5,231.375,4653.5,3490.125
Aug 2021,Y,Oil,8.0,56320.0,SAND HILLS (CLEAR FORK),6 POUNDER SWNW,,,8250.0,176,"4,445",4392,0.0,229,"22,861",22861,2.0,SAND HILLS,CLEAR FORK,2196.0,1647.0,11430.5,8572.875
Aug 2021,,Gas,8.0,276542.0,SAND HILLS (CLEAR FORK 4070),WADDELL TR A, 1521  ,,4590.0,0,0,0,,0,0,0,,SAND HILLS,CLEAR FORK 4070,0.0,0.0,0.0,0.0
Aug 2021,,Gas,8.0,281557.0,SAND HILLS (CLEAR FORK 4070),WADDELL TR A, 1918  ,,3152.0,20,293,301,0.0,12,"4,935",4935,2.0,SAND HILLS,CLEAR FORK 4070,150.5,112.875,2467.5,1850.625
Aug 2021,,Oil,8.0,12997.0,SAND HILLS (ELLENBURGER),WADDELL TR A,,,4030.0,0,0,0,,0,0,0,,SAND HILLS,ELLENBURGER,0.0,0.0,0.0,0.0
Aug 2021,,Oil,8.0,15266.0,SAND HILLS (JUDKINS),WADDELL TR A,,T,,296,"7,733",7811,0.0,218,"43,549",43549,2.0,SAND HILLS,JUDKINS,3905.5,2929.125,21774.5,16330.875
Aug 2021,,,8.0,15266.0,SAND HILLS (JUDKINS),WADDELL TR A,,,2375.0,106,"2,726",2769,0.0,63,,0,,SAND HILLS,JUDKINS,1384.5,1038.375,0.0,0.0
Aug 2021,,,8.0,15266.0,SAND HILLS (JUDKINS),WADDELL TR A,,,2572.0,0,0,0,,0,,0,,SAND HILLS,JUDKINS,0.0,0.0,0.0,0.0
Aug 2021,,,8.0,15266.0,SAND HILLS (JUDKINS),WADDELL TR A,,,3152.0,16,339,341,0.0,14,,0,,SAND HILLS,JUDKINS,170.5,127.875,0.0,0.0
Aug 2021,,,8.0,15266.0,SAND HILLS (JUDKINS),WADDELL TR A,,,3803.0,9,84,69,0.0,24,,0,,SAND HILLS,JUDKINS,34.5,25.875,0.0,0.0
Aug 2021,,,8.0,15266.0,SAND HILLS (JUDKINS),WADDELL TR A,,,3806.0,2,49,49,0.0,2,,0,,SAND HILLS,JUDKINS,24.5,18.375,0.0,0.0
Aug 2021,,,8.0,15266.0,SAND HILLS (JUDKINS),WADDELL TR A,,,4030.0,157,"4,380",4428,0.0,109,,0,,SAND HILLS,JUDKINS,2214.0,1660.5,0.0,0.0
Aug 2021,,,8.0,15266.0,SAND HILLS (JUDKINS),WADDELL TR A,,,4405.0,6,123,123,0.0,6,,0,,SAND HILLS,JUDKINS,61.5,46.125,0.0,0.0
Aug 2021,,,8.0,15266.0,SAND HILLS (JUDKINS),WADDELL TR A,,,4590.0,0,32,32,0.0,0,,0,,SAND HILLS,JUDKINS,16.0,12.0,0.0,0.0
Aug 2021,,Oil,8.0,19293.0,SAND HILLS (JUDKINS),"MCKNIGHT, M. B. -C-",,,,0,0,0,,0,0,0,,SAND HILLS,JUDKINS,0.0,0.0,0.0,0.0
Aug 2021,,Oil,8.0,24056.0,SAND HILLS (JUDKINS),"WADDELL, W.N., ET AL TR. ""I""",,,3803.0,18,34,42,0.0,10,353,353,2.0,SAND HILLS,JUDKINS,21.0,15.75,176.5,132.375
Aug 2021,,Gas,8.0,20701.0,SAND HILLS (JUDKINS),"WADDELL, W.N. ET AL",    5  ,,,4,0,0,,3,0,0,,SAND HILLS,JUDKINS,0.0,0.0,0.0,0.0
Aug 2021,,Gas,8.0,20703.0,SAND HILLS (JUDKINS),"WADDELL, W.N. ET AL",  178  ,,2375.0,0,0,0,,0,324,324,2.0,SAND HILLS,JUDKINS,0.0,0.0,162.0,121.5
Aug 2021,,Gas,8.0,20707.0,SAND HILLS (JUDKINS),"WADDELL, W.N. ET AL",  408  ,,,0,0,0,,0,377,377,2.0,SAND HILLS,JUDKINS,0.0,0.0,188.5,141.375
Aug 2021,,Gas,8.0,20708.0,SAND HILLS (JUDKINS),"WADDELL, W.N. ET AL",  426  ,,,0,0,0,,0,0,0,,SAND HILLS,JUDKINS,0.0,0.0,0.0,0.0
Aug 2021,,Gas,8.0,20710.0,SAND HILLS (JUDKINS),"WADDELL, W.N. ET AL",  451  ,,,0,0,0,,0,601,601,2.0,SAND HILLS,JUDKINS,0.0,0.0,300.5,225.375
Aug 2021,,Gas,8.0,20711.0,SAND HILLS (JUDKINS),"WADDELL, W.N. ET AL",  650  ,,,0,0,0,,0,151,151,2.0,SAND HILLS,JUDKINS,0.0,0.0,75.5,56.625
Aug 2021,,Gas,8.0,20712.0,SAND HILLS (JUDKINS),"WADDELL, W.N. ET AL",  651  ,,,0,0,0,,0,358,358,2.0,SAND HILLS,JUDKINS,0.0,0.0,179.0,134.25
Aug 2021,,Gas,8.0,20713.0,SAND HILLS (JUDKINS),"WADDELL, W.N. ET AL TR. I",  817  ,,3803.0,0,0,0,,0,"1,344",1344,2.0,SAND HILLS,JUDKINS,0.0,0.0,672.0,504.0
Aug 2021,,Gas,8.0,20717.0,SAND HILLS (JUDKINS),"WADDELL, W.N. ET AL",  846  ,,2572.0,4,0,4,0.0,0,777,777,2.0,SAND HILLS,JUDKINS,2.0,1.5,388.5,291.375
Aug 2021,,Gas,8.0,32352.0,SAND HILLS (JUDKINS),"WADDELL, W.N. ET AL",  890  ,,,0,0,0,,0,"1,157",1157,2.0,SAND HILLS,JUDKINS,0.0,0.0,578.5,433.875
Aug 2021,,Gas,8.0,32978.0,SAND HILLS (JUDKINS),"WADDELL, W.N. ET AL",  894  ,,3152.0,1,16,16,0.0,1,12,12,2.0,SAND HILLS,JUDKINS,8.0,6.0,6.0,4.5
Aug 2021,,Gas,8.0,33065.0,SAND HILLS (JUDKINS),"WADDELL, W.N. ET AL TR. I",  886  ,,,0,0,0,,0,948,948,2.0,SAND HILLS,JUDKINS,0.0,0.0,474.0,355.5
Aug 2021,,Gas,8.0,40105.0,SAND HILLS (JUDKINS),"WADDELL, W.N. ET AL",  932  ,,4030.0,0,0,0,,0,173,173,2.0,SAND HILLS,JUDKINS,0.0,0.0,86.5,64.875
Aug 2021,,Gas,8.0,40371.0,SAND HILLS (JUDKINS),"WADDELL, W.N. ET AL",  415  ,,,0,0,0,,0,237,237,2.0,SAND HILLS,JUDKINS,0.0,0.0,118.5,88.875
Aug 2021,,Gas,8.0,42689.0,SAND HILLS (JUDKINS),"WADDELL, W.N. ET AL",  943  ,,4030.0,0,0,0,,0,937,937,2.0,SAND HILLS,JUDKINS,0.0,0.0,468.5,351.375
Aug 2021,,Gas,8.0,42774.0,SAND HILLS (JUDKINS),MCKNIGHT GAS UNIT, A  8  ,,,0,0,0,,0,0,0,,SAND HILLS,JUDKINS,0.0,0.0,0.0,0.0
Aug 2021,,Gas,8.0,42775.0,SAND HILLS (JUDKINS),"WADDELL, W.N. ET AL TR. I",  802  ,,3803.0,0,0,0,,0,868,868,2.0,SAND HILLS,JUDKINS,0.0,0.0,434.0,325.5
Aug 2021,,Gas,8.0,47223.0,SAND HILLS (JUDKINS),"WADDELL, W.N. ET AL",  966  ,,4030.0,1,23,24,0.0,0,619,619,2.0,SAND HILLS,JUDKINS,12.0,9.0,309.5,232.125
Aug 2021,,Gas,8.0,47967.0,SAND HILLS (JUDKINS),"WADDELL, W.N. ET AL",  930  ,,2572.0,0,0,0,,0,0,0,,SAND HILLS,JUDKINS,0.0,0.0,0.0,0.0
Aug 2021,,Gas,8.0,47968.0,SAND HILLS (JUDKINS),"WADDELL, W.N. ET AL",  279  ,,,0,0,0,,0,350,350,2.0,SAND HILLS,JUDKINS,0.0,0.0,175.0,131.25
Aug 2021,,Gas,8.0,47970.0,SAND HILLS (JUDKINS),"WADDELL, W.N. ET AL",  609  ,,,0,0,0,,0,584,584,2.0,SAND HILLS,JUDKINS,0.0,0.0,292.0,219.0
Aug 2021,,Gas,8.0,48184.0,SAND HILLS (JUDKINS),"WADDELL, W.N. ET AL",  411  ,,,0,0,0,,0,0,0,,SAND HILLS,JUDKINS,0.0,0.0,0.0,0.0
Aug 2021,,Gas,8.0,50504.0,SAND HILLS (JUDKINS),"WADDELL, W.N. ET AL", 1010  ,,,0,0,0,,0,996,996,2.0,SAND HILLS,JUDKINS,0.0,0.0,498.0,373.5
Aug 2021,,Gas,8.0,51021.0,SAND HILLS (JUDKINS),"WADDELL, W.N. ET AL",   43  ,,,0,0,0,,0,0,0,,SAND HILLS,JUDKINS,0.0,0.0,0.0,0.0
Aug 2021,,Gas,8.0,51034.0,SAND HILLS (JUDKINS),"WADDELL, W.N. ET AL TR. I",  161  ,,3803.0,0,0,0,,0,"2,688",2688,2.0,SAND HILLS,JUDKINS,0.0,0.0,1344.0,1008.0
Aug 2021,,Gas,8.0,51654.0,SAND HILLS (JUDKINS),"WADDELL, W.N. ET AL",  420  ,,4030.0,0,0,0,,0,351,351,2.0,SAND HILLS,JUDKINS,0.0,0.0,175.5,131.625
Aug 2021,,Gas,8.0,52915.0,SAND HILLS (JUDKINS),"WADDELL, W.N. ET AL", 1070  ,,,0,0,0,,0,191,191,2.0,SAND HILLS,JUDKINS,0.0,0.0,95.5,71.625
Aug 2021,,Gas,8.0,53051.0,SAND HILLS (JUDKINS),"WADDELL, W.N. ET AL", 1068  ,,,0,0,0,,0,280,280,2.0,SAND HILLS,JUDKINS,0.0,0.0,140.0,105.0
Aug 2021,,Gas,8.0,53052.0,SAND HILLS (JUDKINS),"WADDELL, W.N. ET AL", 1069  ,,4590.0,0,0,0,,0,0,0,,SAND HILLS,JUDKINS,0.0,0.0,0.0,0.0
Aug 2021,,Gas,8.0,53053.0,SAND HILLS (JUDKINS),"WADDELL, W.N. ET AL", 1076  ,,,0,0,0,,0,919,919,2.0,SAND HILLS,JUDKINS,0.0,0.0,459.5,344.625
Aug 2021,,Gas,8.0,53319.0,SAND HILLS (JUDKINS),"WADDELL, W.N. ET AL",  338  ,,2375.0,0,16,16,0.0,0,456,456,2.0,SAND HILLS,JUDKINS,8.0,6.0,228.0,171.0
Aug 2021,,Gas,8.0,53603.0,SAND HILLS (JUDKINS),"WADDELL, W.N. ET AL",   26  ,,,0,0,0,,0,0,0,,SAND HILLS,JUDKINS,0.0,0.0,0.0,0.0
Aug 2021,,Gas,8.0,53917.0,SAND HILLS (JUDKINS),"WADDELL, W.N. ET AL", 1075  ,,,0,0,0,,0,316,316,2.0,SAND HILLS,JUDKINS,0.0,0.0,158.0,118.5
Aug 2021,,Gas,8.0,53941.0,SAND HILLS (JUDKINS),"WADDELL, W.N. ET AL", 1077  ,,,0,0,0,,0,0,0,,SAND HILLS,JUDKINS,0.0,0.0,0.0,0.0
Aug 2021,,Gas,8.0,70878.0,SAND HILLS (JUDKINS),"WADDELL, W.N. ET AL",  326  ,,,0,0,0,,0,0,0,,SAND HILLS,JUDKINS,0.0,0.0,0.0,0.0
Aug 2021,,Gas,8.0,74783.0,SAND HILLS (JUDKINS),"WADDELL, W.N, ET AL",  704  ,,,0,0,0,,0,355,355,2.0,SAND HILLS,JUDKINS,0.0,0.0,177.5,133.125
Aug 2021,,Gas,8.0,76807.0,SAND HILLS (JUDKINS),"WADDELL, W.N. ET AL", 1102  ,,,0,0,0,,0,348,348,2.0,SAND HILLS,JUDKINS,0.0,0.0,174.0,130.5
Aug 2021,,Gas,8.0,80555.0,SAND HILLS (JUDKINS),"WADDELL, W.N, ET AL", 1116  ,,,0,0,0,,0,200,200,2.0,SAND HILLS,JUDKINS,0.0,0.0,100.0,75.0
Aug 2021,,Gas,8.0,83597.0,SAND HILLS (JUDKINS),"WADDELL, W.N. ET AL", 1122  ,,4590.0,0,0,0,,0,0,0,,SAND HILLS,JUDKINS,0.0,0.0,0.0,0.0
Aug 2021,,Gas,8.0,83598.0,SAND HILLS (JUDKINS),"WADDELL, W.N. ET AL", 1124  ,,,0,0,0,,0,435,435,2.0,SAND HILLS,JUDKINS,0.0,0.0,217.5,163.125
Aug 2021,,Gas,8.0,83779.0,SAND HILLS (JUDKINS),"WADDELL, W.N. ET AL", 1123  ,,3806.0,0,0,0,,0,0,0,,SAND HILLS,JUDKINS,0.0,0.0,0.0,0.0
Aug 2021,,Gas,8.0,84709.0,SAND HILLS (JUDKINS),"WADDELL, W.N. ET AL", 1125  ,,,0,0,0,,0,0,0,,SAND HILLS,JUDKINS,0.0,0.0,0.0,0.0
Aug 2021,,Gas,8.0,84710.0,SAND HILLS (JUDKINS),"WADDELL, W.N. ET AL", 1126  ,,2572.0,0,0,0,,0,0,0,,SAND HILLS,JUDKINS,0.0,0.0,0.0,0.0
Aug 2021,,Gas,8.0,84711.0,SAND HILLS (JUDKINS),"WADDELL, W.N. ET AL", 1130  ,,,0,0,0,,0,0,0,,SAND HILLS,JUDKINS,0.0,0.0,0.0,0.0
Aug 2021,,Gas,8.0,86503.0,SAND HILLS (JUDKINS),"WADDELL, W.N. ET AL", 1132  ,,,0,0,0,,0,248,248,2.0,SAND HILLS,JUDKINS,0.0,0.0,124.0,93.0
Aug 2021,,Gas,8.0,86504.0,SAND HILLS (JUDKINS),"WADDELL, W.N. ET AL", 1142  ,,,0,0,0,,0,"1,021",1021,2.0,SAND HILLS,JUDKINS,0.0,0.0,510.5,382.875
Aug 2021,,Gas,8.0,86784.0,SAND HILLS (JUDKINS),"WADDELL, W.N. ET AL", 1143  ,,,0,0,0,,0,0,0,,SAND HILLS,JUDKINS,0.0,0.0,0.0,0.0
Aug 2021,,Gas,8.0,86785.0,SAND HILLS (JUDKINS),"WADDELL, W.N. ET AL", 1144  ,,,0,0,0,,0,353,353,2.0,SAND HILLS,JUDKINS,0.0,0.0,176.5,132.375
Aug 2021,,Gas,8.0,89500.0,SAND HILLS (JUDKINS),"WADDELL, W.N. ET AL", 1160  ,,,0,0,0,,0,731,731,2.0,SAND HILLS,JUDKINS,0.0,0.0,365.5,274.125
Aug 2021,,Gas,8.0,89502.0,SAND HILLS (JUDKINS),"WADDELL, W.N. ET AL", 1158  ,,4030.0,2,0,0,,2,5,5,2.0,SAND HILLS,JUDKINS,0.0,0.0,2.5,1.875
Aug 2021,,Gas,8.0,89796.0,SAND HILLS (JUDKINS),"WADDELL, W.N. ET AL", 1159  ,,4030.0,0,0,0,,0,741,741,2.0,SAND HILLS,JUDKINS,0.0,0.0,370.5,277.875
Aug 2021,,Gas,8.0,90077.0,SAND HILLS (JUDKINS),"WADDELL, W.N. ET AL", 1162  ,,2375.0,2,62,63,0.0,1,955,955,2.0,SAND HILLS,JUDKINS,31.5,23.625,477.5,358.125
Aug 2021,,Gas,8.0,90211.0,SAND HILLS (JUDKINS),"WADDELL, W.N. ET AL", 1163  ,,2375.0,0,0,0,,0,0,0,,SAND HILLS,JUDKINS,0.0,0.0,0.0,0.0
Aug 2021,,Gas,8.0,90635.0,SAND HILLS (JUDKINS),"WADDELL, W.N. ET AL", 1164  ,,4030.0,0,0,0,,0,"1,348",1348,2.0,SAND HILLS,JUDKINS,0.0,0.0,674.0,505.5
Aug 2021,,Gas,8.0,93673.0,SAND HILLS (JUDKINS),"WADDELL, W.N. ET AL", 1181  ,,,0,0,0,,0,0,0,,SAND HILLS,JUDKINS,0.0,0.0,0.0,0.0
Aug 2021,,Gas,8.0,94785.0,SAND HILLS (JUDKINS),"WADDELL, W.N. ET AL", 1189  ,,2375.0,0,0,0,,0,162,162,2.0,SAND HILLS,JUDKINS,0.0,0.0,81.0,60.75
Aug 2021,,Gas,8.0,96347.0,SAND HILLS (JUDKINS),"WADDELL, W.N. ET AL", 1179  ,,,0,0,0,,0,496,496,2.0,SAND HILLS,JUDKINS,0.0,0.0,248.0,186.0
Aug 2021,,Gas,8.0,96630.0,SAND HILLS (JUDKINS),"WADDELL, W.N. ET AL", 1192  ,,,0,0,0,,0,358,358,2.0,SAND HILLS,JUDKINS,0.0,0.0,179.0,134.25
Aug 2021,,Gas,8.0,96632.0,SAND HILLS (JUDKINS),"WADDELL, W.N. ET AL", 1191  ,,,0,0,0,,0,0,0,,SAND HILLS,JUDKINS,0.0,0.0,0.0,0.0
Aug 2021,,Gas,8.0,99623.0,SAND HILLS (JUDKINS),"WADDELL, W.N. ET AL", 1219  ,,,0,0,0,,0,"1,014",1014,2.0,SAND HILLS,JUDKINS,0.0,0.0,507.0,380.25
Aug 2021,,Gas,8.0,99624.0,SAND HILLS (JUDKINS),"WADDELL, W.N. ET AL", 1232  ,,,0,0,0,,0,0,0,,SAND HILLS,JUDKINS,0.0,0.0,0.0,0.0
Aug 2021,,Gas,8.0,99660.0,SAND HILLS (JUDKINS),"WADDELL, W.N. ET AL", 1230  ,,,0,0,0,,0,834,834,2.0,SAND HILLS,JUDKINS,0.0,0.0,417.0,312.75
Aug 2021,,Gas,8.0,100145.0,SAND HILLS (JUDKINS),"WADDELL, W.N. ET AL", 1231  ,,,0,0,0,,0,500,500,2.0,SAND HILLS,JUDKINS,0.0,0.0,250.0,187.5
Aug 2021,,Gas,8.0,102150.0,SAND HILLS (JUDKINS),"WADDELL, W.N. ET AL", 1224  ,,,0,0,0,,0,424,424,2.0,SAND HILLS,JUDKINS,0.0,0.0,212.0,159.0
Aug 2021,,Gas,8.0,104176.0,SAND HILLS (JUDKINS),"WADDELL, W.N. ET AL", 1236  ,,,0,0,0,,0,0,0,,SAND HILLS,JUDKINS,0.0,0.0,0.0,0.0
Aug 2021,,Gas,8.0,105111.0,SAND HILLS (JUDKINS),"WADDELL, W.N. ET AL", 1228  ,,,0,0,0,,0,275,275,2.0,SAND HILLS,JUDKINS,0.0,0.0,137.5,103.125
Aug 2021,,Gas,8.0,106188.0,SAND HILLS (JUDKINS),"WADDELL, W.N. ET AL", 1225  ,,4030.0,0,0,0,,0,651,651,2.0,SAND HILLS,JUDKINS,0.0,0.0,325.5,244.125
Aug 2021,,Gas,8.0,106764.0,SAND HILLS (JUDKINS),"WADDELL, W.N. ET AL", 1218  ,,4030.0,0,0,0,,0,0,0,,SAND HILLS,JUDKINS,0.0,0.0,0.0,0.0
Aug 2021,,Gas,8.0,106765.0,SAND HILLS (JUDKINS),"WADDELL, W.N. ET AL", 1252  ,,2572.0,0,0,0,,0,0,0,,SAND HILLS,JUDKINS,0.0,0.0,0.0,0.0
Aug 2021,,Gas,8.0,107235.0,SAND HILLS (JUDKINS),"WADDELL, W.N. ET AL", 1109  ,,,0,0,0,,0,622,622,2.0,SAND HILLS,JUDKINS,0.0,0.0,311.0,233.25
Aug 2021,,Gas,8.0,107236.0,SAND HILLS (JUDKINS),"WADDELL, W.N. ET AL", 1110  ,,,0,0,0,,0,823,823,2.0,SAND HILLS,JUDKINS,0.0,0.0,411.5,308.625
Aug 2021,,Gas,8.0,107336.0,SAND HILLS (JUDKINS),"WADDELL, W.N. ET AL", 1241  ,,,0,0,0,,0,0,0,,SAND HILLS,JUDKINS,0.0,0.0,0.0,0.0
Aug 2021,,Gas,8.0,107580.0,SAND HILLS (JUDKINS),"WADDELL, W.N.",  309  ,,,0,0,0,,0,0,0,,SAND HILLS,JUDKINS,0.0,0.0,0.0,0.0
Aug 2021,,Gas,8.0,113895.0,SAND HILLS (JUDKINS),"MCKNIGHT, M. B. ""C""",   10  ,,,0,0,0,,0,0,0,,SAND HILLS,JUDKINS,0.0,0.0,0.0,0.0
Aug 2021,,Gas,8.0,116738.0,SAND HILLS (JUDKINS),"WADDELL, W.N. ET AL", 1227  ,,4030.0,0,0,0,,0,96,96,2.0,SAND HILLS,JUDKINS,0.0,0.0,48.0,36.0
Aug 2021,,Gas,8.0,130228.0,SAND HILLS (JUDKINS),"WADDELL, W.N. ET AL", 1115  ,,4405.0,0,0,0,,0,0,0,,SAND HILLS,JUDKINS,0.0,0.0,0.0,0.0
Aug 2021,,Gas,8.0,160656.0,SAND HILLS (JUDKINS),"WADDELL, W.N. ET AL", 1312  ,,3152.0,0,0,0,,0,"1,127",1127,2.0,SAND HILLS,JUDKINS,0.0,0.0,563.5,422.625
Aug 2021,,Gas,8.0,191172.0,SAND HILLS (JUDKINS),"WADDELL, W.N. ET AL",  916  ,,4030.0,0,0,0,,0,0,0,,SAND HILLS,JUDKINS,0.0,0.0,0.0,0.0
Aug 2021,,Gas,8.0,191173.0,SAND HILLS (JUDKINS),"WADDELL, W.N. ET AL",  914  ,,4030.0,0,0,0,,0,"1,142",1142,2.0,SAND HILLS,JUDKINS,0.0,0.0,571.0,428.25
Aug 2021,,Gas,8.0,191175.0,SAND HILLS (JUDKINS),"WADDELL, W.N. ET AL",  221  ,,,0,0,0,,0,634,634,2.0,SAND HILLS,JUDKINS,0.0,0.0,317.0,237.75
Aug 2021,,Gas,8.0,192202.0,SAND HILLS (JUDKINS),"WADDELL, W. N. ET AL",   71  ,,,0,0,0,,0,"1,355",1355,2.0,SAND HILLS,JUDKINS,0.0,0.0,677.5,508.125
Aug 2021,,Gas,8.0,193190.0,SAND HILLS (JUDKINS),"WADDELL, W. N. ET AL",  244  ,,4030.0,1,0,1,0.0,0,0,0,,SAND HILLS,JUDKINS,0.5,0.375,0.0,0.0
Aug 2021,,Gas,8.0,201852.0,SAND HILLS (JUDKINS),"WADDELL, W. N. ET AL",   64  ,,2375.0,3,83,84,0.0,2,"1,077",1077,2.0,SAND HILLS,JUDKINS,42.0,31.5,538.5,403.875
Aug 2021,,Gas,8.0,209772.0,SAND HILLS (JUDKINS),"WADDELL, W N ET AL", 1909  ,,4030.0,0,0,0,,0,"1,742",1742,2.0,SAND HILLS,JUDKINS,0.0,0.0,871.0,653.25
Aug 2021,,Gas,8.0,209777.0,SAND HILLS (JUDKINS),"WADDELL, W. N. ET AL",  414  ,,4030.0,1,35,35,0.0,1,837,837,2.0,SAND HILLS,JUDKINS,17.5,13.125,418.5,313.875
Aug 2021,,Gas,8.0,210916.0,SAND HILLS (JUDKINS),"WADDELL, W. N. ET AL",  342  ,,4030.0,1,19,20,0.0,0,156,156,2.0,SAND HILLS,JUDKINS,10.0,7.5,78.0,58.5
Aug 2021,,Gas,8.0,210965.0,SAND HILLS (JUDKINS),"WADDELL, W. N. ET AL",  953  ,,4030.0,1,8,9,0.0,0,22,22,2.0,SAND HILLS,JUDKINS,4.5,3.375,11.0,8.25
Aug 2021,,Gas,8.0,212830.0,SAND HILLS (JUDKINS),"WADDELL, W. N. ET AL",  413  ,,4030.0,1,23,24,0.0,0,43,43,2.0,SAND HILLS,JUDKINS,12.0,9.0,21.5,16.125
Aug 2021,,Gas,8.0,220281.0,SAND HILLS (JUDKINS),"WADDELL, W. N. ET AL",  351  ,,,0,0,0,,0,543,543,2.0,SAND HILLS,JUDKINS,0.0,0.0,271.5,203.625
Aug 2021,,Gas,8.0,227386.0,SAND HILLS (JUDKINS),"WADDELL, W. N. ETAL",  292  ,,,0,0,0,,0,537,537,2.0,SAND HILLS,JUDKINS,0.0,0.0,268.5,201.375
Aug 2021,,Gas,8.0,228814.0,SAND HILLS (JUDKINS),"WADDELL, W. N. ET AL",  370  ,,4030.0,0,0,0,,0,0,0,,SAND HILLS,JUDKINS,0.0,0.0,0.0,0.0
Aug 2021,,Gas,8.0,242262.0,SAND HILLS (JUDKINS),"WADDELL,W.N.,ETAL",  356  ,,,0,0,0,,0,"3,451",3451,2.0,SAND HILLS,JUDKINS,0.0,0.0,1725.5,1294.125
Aug 2021,,Gas,8.0,246025.0,SAND HILLS (JUDKINS),"WADDELL, W. N. ETAL",  367  ,,3803.0,0,0,0,,0,"6,090",6090,2.0,SAND HILLS,JUDKINS,0.0,0.0,3045.0,2283.75
Aug 2021,,Gas,8.0,251114.0,SAND HILLS (JUDKINS),"WADDELL, W. N. ET AL", 1105  ,,,2,0,0,,2,463,463,2.0,SAND HILLS,JUDKINS,0.0,0.0,231.5,173.625
Aug 2021,,Oil,8.0,5263.0,SAND HILLS (MCKNIGHT),WADDELL TR A,,T,,901,"18,569",18844,0.0,626,"74,007",74007,2.0,SAND HILLS,MCKNIGHT,9422.0,7066.5,37003.5,27752.625
Aug 2021,,,8.0,5263.0,SAND HILLS (MCKNIGHT),WADDELL TR A,,,2375.0,185,"6,068",6112,0.0,141,,0,,SAND HILLS,MCKNIGHT,3056.0,2292.0,0.0,0.0
Aug 2021,,,8.0,5263.0,SAND HILLS (MCKNIGHT),WADDELL TR A,,,2572.0,282,"1,202",1270,0.0,214,,0,,SAND HILLS,MCKNIGHT,635.0,476.25,0.0,0.0
Aug 2021,,,8.0,5263.0,SAND HILLS (MCKNIGHT),WADDELL TR A,,,3152.0,133,"2,172",2217,0.0,88,,0,,SAND HILLS,MCKNIGHT,1108.5,831.375,0.0,0.0
Aug 2021,,,8.0,5263.0,SAND HILLS (MCKNIGHT),WADDELL TR A,,,3806.0,66,"1,243",1248,0.0,61,,0,,SAND HILLS,MCKNIGHT,624.0,468.0,0.0,0.0
Aug 2021,,,8.0,5263.0,SAND HILLS (MCKNIGHT),WADDELL TR A,,,4030.0,226,"6,269",6389,0.0,106,,0,,SAND HILLS,MCKNIGHT,3194.5,2395.875,0.0,0.0
Aug 2021,,,8.0,5263.0,SAND HILLS (MCKNIGHT),WADDELL TR A,,,4590.0,9,"1,615",1608,0.0,16,,0,,SAND HILLS,MCKNIGHT,804.0,603.0,0.0,0.0
Aug 2021,,Oil,8.0,44089.0,SAND HILLS (MCKNIGHT),MCKNIGHT SAND HILLS UNIT,,,6933.0,282,"3,622",3703,0.0,201,"7,274",7274,2.0,SAND HILLS,MCKNIGHT,1851.5,1388.625,3637.0,2727.75
Aug 2021,,Oil,8.0,44201.0,SAND HILLS (MCKNIGHT),"WADDELL, W.N. ET AL TR. I",,,3803.0,1,0,1,0.0,0,"1,738",1738,2.0,SAND HILLS,MCKNIGHT,0.5,0.375,869.0,651.75
Aug 2021,,Gas,8.0,53921.0,SAND HILLS (MCKNIGHT),WADDELL TR I,  379  ,,3803.0,0,0,0,,0,649,649,2.0,SAND HILLS,MCKNIGHT,0.0,0.0,324.5,243.375
Aug 2021,,Gas,8.0,77170.0,SAND HILLS (MCKNIGHT),"WADDELL, W. N. ET AL", 1047  ,,,0,0,0,,0,0,0,,SAND HILLS,MCKNIGHT,0.0,0.0,0.0,0.0
Aug 2021,,Gas,8.0,113323.0,SAND HILLS (MCKNIGHT),"WADDELL, W. N. ET AL", 1264  ,,4590.0,0,0,0,,0,0,0,,SAND HILLS,MCKNIGHT,0.0,0.0,0.0,0.0
Aug 2021,,Gas,8.0,121606.0,SAND HILLS (MCKNIGHT),WADDELL TR A, 1265  ,,4590.0,0,0,0,,0,0,0,,SAND HILLS,MCKNIGHT,0.0,0.0,0.0,0.0
Aug 2021,,Gas,8.0,121962.0,SAND HILLS (MCKNIGHT),"WADDELL, W. N. ET AL TR. B", 1057  ,,2572.0,0,0,0,,0,0,0,,SAND HILLS,MCKNIGHT,0.0,0.0,0.0,0.0
Aug 2021,,Gas,8.0,127784.0,SAND HILLS (MCKNIGHT),"WADDELL, W. N. ET AL", 1389K ,,2572.0,0,0,0,,0,0,0,,SAND HILLS,MCKNIGHT,0.0,0.0,0.0,0.0
Aug 2021,,Gas,8.0,148486.0,SAND HILLS (MCKNIGHT),"WADDELL, W. N. ET AL", 1004  ,,3806.0,0,0,0,,0,542,542,2.0,SAND HILLS,MCKNIGHT,0.0,0.0,271.0,203.25
Aug 2021,,Gas,8.0,148488.0,SAND HILLS (MCKNIGHT),"WADDELL, W. N. ET AL",  104  ,,3152.0,0,0,0,,0,"1,695",1695,2.0,SAND HILLS,MCKNIGHT,0.0,0.0,847.5,635.625
Aug 2021,,Gas,8.0,154396.0,SAND HILLS (MCKNIGHT),"WADDELL, W. N. ET AL", 1001  ,,2572.0,0,0,0,,0,0,0,,SAND HILLS,MCKNIGHT,0.0,0.0,0.0,0.0
Aug 2021,,Gas,8.0,158035.0,SAND HILLS (MCKNIGHT),"WADDELL, W. N. ETAL",  685  ,,3152.0,0,0,0,,0,"1,043",1043,2.0,SAND HILLS,MCKNIGHT,0.0,0.0,521.5,391.125
Aug 2021,,Gas,8.0,158051.0,SAND HILLS (MCKNIGHT),"WADDELL, W. N. ET AL", 1205  ,,4590.0,0,0,0,,0,0,0,,SAND HILLS,MCKNIGHT,0.0,0.0,0.0,0.0
Aug 2021,,Gas,8.0,159467.0,SAND HILLS (MCKNIGHT),"WADDELL, W. N. ET AL",  392  ,,3152.0,2,31,32,0.0,1,33,33,2.0,SAND HILLS,MCKNIGHT,16.0,12.0,16.5,12.375
Aug 2021,,Gas,8.0,165460.0,SAND HILLS (MCKNIGHT),"WADDELL, W. N. ETAL", 1215  ,,,0,0,0,,0,"1,291",1291,2.0,SAND HILLS,MCKNIGHT,0.0,0.0,645.5,484.125
Aug 2021,,Oil,8.0,5282.0,SAND HILLS (ORDOVICIAN),"WADDELL, W.N. ET AL TR. I",,,3803.0,0,0,0,,0,0,0,,SAND HILLS,ORDOVICIAN,0.0,0.0,0.0,0.0
Aug 2021,,Oil,8.0,5283.0,SAND HILLS (ORDOVICIAN),"WADDELL, W. N., ETAL /SEC. 20/",,T,,0,0,0,,0,0,0,,SAND HILLS,ORDOVICIAN,0.0,0.0,0.0,0.0
Aug 2021,,,8.0,5283.0,SAND HILLS (ORDOVICIAN),"WADDELL, W. N., ETAL /SEC. 20/",,,3152.0,0,0,0,,0,0,0,,SAND HILLS,ORDOVICIAN,0.0,0.0,0.0,0.0
Aug 2021,,,8.0,5283.0,SAND HILLS (ORDOVICIAN),"WADDELL, W. N., ETAL /SEC. 20/",,,4590.0,,0,0,,0,0,0,,SAND HILLS,ORDOVICIAN,0.0,0.0,0.0,0.0
Aug 2021,,Gas,8.0,201854.0,SAND HILLS (SAN ANGELO),WADDELL TR A, 1901  ,,4030.0,63,"1,748",1781,0.0,30,"2,723",2723,2.0,SAND HILLS,SAN ANGELO,890.5,667.875,1361.5,1021.125
Aug 2021,,Oil,8.0,18745.0,"SAND HILLS (SAN ANGELO, UPPER)",WADDELL TR A,,T,,447,"14,450",14455,0.0,435,"55,169",55169,2.0,SAND HILLS,"SAN ANGELO, UPPER",7227.5,5420.625,27584.5,20688.375
Aug 2021,,,8.0,18745.0,"SAND HILLS (SAN ANGELO, UPPER)",WADDELL TR A,,,2375.0,83,"2,753",2777,0.0,59,,0,,SAND HILLS,"SAN ANGELO, UPPER",1388.5,1041.375,0.0,0.0
Aug 2021,,,8.0,18745.0,"SAND HILLS (SAN ANGELO, UPPER)",WADDELL TR A,,,2572.0,28,122,128,0.0,22,,0,,SAND HILLS,"SAN ANGELO, UPPER",64.0,48.0,0.0,0.0
Aug 2021,,,8.0,18745.0,"SAND HILLS (SAN ANGELO, UPPER)",WADDELL TR A,,,3152.0,209,"6,505",6450,0.0,264,,0,,SAND HILLS,"SAN ANGELO, UPPER",3225.0,2418.75,0.0,0.0
Aug 2021,,,8.0,18745.0,"SAND HILLS (SAN ANGELO, UPPER)",WADDELL TR A,,,3806.0,36,654,651,0.0,32,,0,,SAND HILLS,"SAN ANGELO, UPPER",325.5,244.125,0.0,0.0
Aug 2021,,,8.0,18745.0,"SAND HILLS (SAN ANGELO, UPPER)",WADDELL TR A,,,4030.0,55,"1,197",1232,0.0,20,,0,,SAND HILLS,"SAN ANGELO, UPPER",616.0,462.0,0.0,0.0
Aug 2021,,,8.0,18745.0,"SAND HILLS (SAN ANGELO, UPPER)",WADDELL TR A,,,4405.0,8,172,172,0.0,8,,0,,SAND HILLS,"SAN ANGELO, UPPER",86.0,64.5,0.0,0.0
Aug 2021,,,8.0,18745.0,"SAND HILLS (SAN ANGELO, UPPER)",WADDELL TR A,,,4590.0,28,"3,047",3045,0.0,30,,0,,SAND HILLS,"SAN ANGELO, UPPER",1522.5,1141.875,0.0,0.0
Aug 2021,,Oil,8.0,52799.0,"SAND HILLS (SAN ANGELO, UPPER)",M.B. MCKNIGHT -F-,,,6933.0,8,134,135,0.0,7,"1,597",1597,2.0,SAND HILLS,"SAN ANGELO, UPPER",67.5,50.625,798.5,598.875
Aug 2021,,Oil,8.0,55404.0,"SAND HILLS (SAN ANGELO, UPPER)",WADDELL TR C,,,4030.0,7,127,128,0.0,6,82,82,2.0,SAND HILLS,"SAN ANGELO, UPPER",64.0,48.0,41.0,30.75
Aug 2021,,Gas,8.0,197590.0,"SAND HILLS (SAN ANGELO, UPPER)",WADDELL TR B,  109  ,,2572.0,0,0,0,,0,2,2,2.0,SAND HILLS,"SAN ANGELO, UPPER",0.0,0.0,1.0,0.75
Aug 2021,,Oil,8.0,5294.0,SAND HILLS (TUBB),WADDELL TR A,,T,,994,"23,127",23296,0.0,825,"107,982",107982,2.0,SAND HILLS,TUBB,11648.0,8736.0,53991.0,40493.25
Aug 2021,,,8.0,5294.0,SAND HILLS (TUBB),WADDELL TR A,,,2375.0,195,"5,746",5808,0.0,133,,0,,SAND HILLS,TUBB,2904.0,2178.0,0.0,0.0
Aug 2021,,,8.0,5294.0,SAND HILLS (TUBB),WADDELL TR A,,,2572.0,355,"1,299",1396,0.0,258,,0,,SAND HILLS,TUBB,698.0,523.5,0.0,0.0
Aug 2021,,,8.0,5294.0,SAND HILLS (TUBB),WADDELL TR A,,,3152.0,270,"4,413",4504,0.0,179,,0,,SAND HILLS,TUBB,2252.0,1689.0,0.0,0.0
Aug 2021,,,8.0,5294.0,SAND HILLS (TUBB),WADDELL TR A,,,3803.0,16,70,66,0.0,20,,0,,SAND HILLS,TUBB,33.0,24.75,0.0,0.0
Aug 2021,,,8.0,5294.0,SAND HILLS (TUBB),WADDELL TR A,,,3806.0,44,"2,290",2221,0.0,113,,0,,SAND HILLS,TUBB,1110.5,832.875,0.0,0.0
Aug 2021,,,8.0,5294.0,SAND HILLS (TUBB),WADDELL TR A,,,4030.0,69,"4,241",4238,0.0,72,,0,,SAND HILLS,TUBB,2119.0,1589.25,0.0,0.0
Aug 2021,,,8.0,5294.0,SAND HILLS (TUBB),WADDELL TR A,,,4590.0,45,"5,068",5063,0.0,50,,0,,SAND HILLS,TUBB,2531.5,1898.625,0.0,0.0
Aug 2021,,Oil,8.0,24059.0,SAND HILLS (TUBB),WADDELL TR I,,,3803.0,242,"1,134",1056,0.0,320,"7,176",7176,2.0,SAND HILLS,TUBB,528.0,396.0,3588.0,2691.0
Aug 2021,Y,Oil,8.0,53883.0,SAND HILLS (TUBB),6 POUNDER SW,,,8250.0,19,752,732,0.0,39,"5,812",5812,2.0,SAND HILLS,TUBB,366.0,274.5,2906.0,2179.5
Aug 2021,,Oil,8.0,54723.0,SAND HILLS (TUBB),STEDE BONNET,,,9194.0,20,373,374,0.0,19,"1,048",1048,2.0,SAND HILLS,TUBB,187.0,140.25,524.0,393.0
Aug 2021,,Oil,8.0,56435.0,SAND HILLS (TUBB),LANDLUBBER,,,8026.0,408,"1,377",1352,0.0,433,"2,526",2526,2.0,SAND HILLS,TUBB,676.0,507.0,1263.0,947.25
Aug 2021,,Gas,8.0,51830.0,SAND HILLS (TUBB),WADDELL TR I,  173  ,,,0,0,0,,0,0,0,,SAND HILLS,TUBB,0.0,0.0,0.0,0.0
Aug 2021,,Gas,8.0,113071.0,SAND HILLS (TUBB),WADDELL TR I,  779  ,,3803.0,0,0,0,,0,0,0,,SAND HILLS,TUBB,0.0,0.0,0.0,0.0
Aug 2021,,Gas,8.0,131505.0,SAND HILLS (TUBB),"MCKNIGHT, M. B. A",    6  ,,,0,0,0,,0,0,0,,SAND HILLS,TUBB,0.0,0.0,0.0,0.0
Aug 2021,,Gas,8.0,178338.0,SAND HILLS (TUBB),WADDELL TR I,  168  ,,,0,0,0,,0,"2,344",2344,2.0,SAND HILLS,TUBB,0.0,0.0,1172.0,879.0
Aug 2021,,Gas,8.0,187218.0,SAND HILLS (TUBB),WADDELL TR I,  843  ,,3803.0,0,0,0,,0,600,600,2.0,SAND HILLS,TUBB,0.0,0.0,300.0,225.0
Aug 2021,,Gas,8.0,191020.0,SAND HILLS (TUBB),WADDELL TR A,  137  ,,3152.0,0,0,0,,0,801,801,2.0,SAND HILLS,TUBB,0.0,0.0,400.5,300.375
Aug 2021,,Oil,8.0,12207.0,SAND HILLS (WICHITA-ALBANY),WADDELL TR A,,T,,506,"10,308",10523,0.0,291,"50,164",50164,2.0,SAND HILLS,WICHITA-ALBANY,5261.5,3946.125,25082.0,18811.5
Aug 2021,,,8.0,12207.0,SAND HILLS (WICHITA-ALBANY),WADDELL TR A,,,2375.0,127,"4,646",4665,0.0,108,,0,,SAND HILLS,WICHITA-ALBANY,2332.5,1749.375,0.0,0.0
Aug 2021,,,8.0,12207.0,SAND HILLS (WICHITA-ALBANY),WADDELL TR A,,,3152.0,54,"1,106",1115,0.0,45,,0,,SAND HILLS,WICHITA-ALBANY,557.5,418.125,0.0,0.0
Aug 2021,,,8.0,12207.0,SAND HILLS (WICHITA-ALBANY),WADDELL TR A,,,4030.0,325,"4,556",4743,0.0,138,,0,,SAND HILLS,WICHITA-ALBANY,2371.5,1778.625,0.0,0.0
Aug 2021,,Gas,8.0,51372.0,SAND HILLS (WICHITA-ALBANY),WADDELL TR A,  612  ,,,41,"1,547",1552,0.0,36,"2,841",2841,2.0,SAND HILLS,WICHITA-ALBANY,776.0,582.0,1420.5,1065.375
Aug 2021,,Gas,8.0,183024.0,SAND HILLS (WICHITA-ALBANY),WADDELL TR A,  592  ,,,19,910,908,0.0,21,"9,023",9023,2.0,SAND HILLS,WICHITA-ALBANY,454.0,340.5,4511.5,3383.625
Aug 2021,,Gas,8.0,224883.0,"SAND HILLS (WICHITA-ALBANY, GAS)","MCKNIGHT, M. B. ""A""",    9  ,,6933.0,124,"1,155",1215,0.0,64,"1,738",1738,2.0,SAND HILLS,"WICHITA-ALBANY, GAS",607.5,455.625,869.0,651.75
Aug 2021,,Gas,8.0,151755.0,SAND HILLS (WOJCIK-MCELROY),"WADDELL, W.N. ET AL",  307  ,,2572.0,0,0,0,,0,0,0,,SAND HILLS,WOJCIK-MCELROY,0.0,0.0,0.0,0.0
Aug 2021,,Gas,8.0,152000.0,SAND HILLS (WOJCIK-MCELROY),"WADDELL, W.N. ET AL", 1028  ,,,0,0,0,,0,0,0,,SAND HILLS,WOJCIK-MCELROY,0.0,0.0,0.0,0.0
Aug 2021,,Gas,8.0,153768.0,SAND HILLS (WOJCIK-MCELROY),"WADDELL, W.N. ET AL",  306  ,,2572.0,0,0,0,,0,0,0,,SAND HILLS,WOJCIK-MCELROY,0.0,0.0,0.0,0.0
Aug 2021,,Gas,8.0,154681.0,SAND HILLS (WOJCIK-MCELROY),"WADDELL, W.N. ET AL",  988  ,,4405.0,0,8,8,0.0,0,36,36,2.0,SAND HILLS,WOJCIK-MCELROY,4.0,3.0,18.0,13.5
Aug 2021,,Gas,8.0,154682.0,SAND HILLS (WOJCIK-MCELROY),"WADDELL, W.N. ET AL", 1013  ,,,0,0,0,,0,293,293,2.0,SAND HILLS,WOJCIK-MCELROY,0.0,0.0,146.5,109.875
Aug 2021,,Gas,8.0,154781.0,SAND HILLS (WOJCIK-MCELROY),"WADDELL, W.N. ET AL",  533  ,,,0,0,0,,0,0,0,,SAND HILLS,WOJCIK-MCELROY,0.0,0.0,0.0,0.0
Aug 2021,,Gas,8.0,155479.0,SAND HILLS (WOJCIK-MCELROY),"WADDELL, W.N. ET AL",  974  ,,,0,0,0,,0,583,583,2.0,SAND HILLS,WOJCIK-MCELROY,0.0,0.0,291.5,218.625
Aug 2021,,Gas,8.0,157163.0,SAND HILLS (WOJCIK-MCELROY),"WADDELL, W.N. ET AL",  332  ,,,0,0,0,,0,0,0,,SAND HILLS,WOJCIK-MCELROY,0.0,0.0,0.0,0.0
Aug 2021,,Gas,8.0,157164.0,SAND HILLS (WOJCIK-MCELROY),"WADDELL, W.N. ET AL",  375  ,,,0,0,0,,0,471,471,2.0,SAND HILLS,WOJCIK-MCELROY,0.0,0.0,235.5,176.625
Aug 2021,,Gas,8.0,157166.0,SAND HILLS (WOJCIK-MCELROY),"WADDELL, W.N. ET AL",  671  ,,,0,0,0,,0,747,747,2.0,SAND HILLS,WOJCIK-MCELROY,0.0,0.0,373.5,280.125
Aug 2021,,Gas,8.0,157168.0,SAND HILLS (WOJCIK-MCELROY),"WADDELL, W.N. ET AL", 1029  ,,,0,0,0,,0,368,368,2.0,SAND HILLS,WOJCIK-MCELROY,0.0,0.0,184.0,138.0
Aug 2021,,Gas,8.0,161950.0,SAND HILLS (WOJCIK-MCELROY),"WADDELL, W.N. ETAL",  290  ,,2572.0,0,0,0,,0,0,0,,SAND HILLS,WOJCIK-MCELROY,0.0,0.0,0.0,0.0
Aug 2021,,Gas,8.0,161953.0,SAND HILLS (WOJCIK-MCELROY),"WADDELL, W.N. ETAL",  718  ,,,0,0,0,,0,0,0,,SAND HILLS,WOJCIK-MCELROY,0.0,0.0,0.0,0.0
Aug 2021,,Gas,8.0,215533.0,SAND HILLS (WOJCIK-MCELROY),"WADDELL, W. N. ET AL", 1501  ,,3806.0,0,0,0,,0,784,784,2.0,SAND HILLS,WOJCIK-MCELROY,0.0,0.0,392.0,294.0
Aug 2021,,Gas,8.0,215538.0,SAND HILLS (WOJCIK-MCELROY),"WADDELL, W. N. ET AL",  334  ,,,0,0,0,,0,965,965,2.0,SAND HILLS,WOJCIK-MCELROY,0.0,0.0,482.5,361.875
Aug 2021,,Gas,8.0,215643.0,SAND HILLS (WOJCIK-MCELROY),"WADDELL, W. N. ET AL",  647  ,,2572.0,0,0,0,,0,739,739,2.0,SAND HILLS,WOJCIK-MCELROY,0.0,0.0,369.5,277.125
Aug 2021,,Gas,8.0,215664.0,SAND HILLS (WOJCIK-MCELROY),"WADDELL, W. N. ET AL", 1235  ,,2572.0,0,0,0,,0,0,0,,SAND HILLS,WOJCIK-MCELROY,0.0,0.0,0.0,0.0
Aug 2021,,Gas,8.0,220335.0,SAND HILLS (WOJCIK-MCELROY),"WADDELL, W. N. ET AL", 1953  ,,3806.0,0,0,0,,0,"1,470",1470,2.0,SAND HILLS,WOJCIK-MCELROY,0.0,0.0,735.0,551.25
Aug 2021,,Gas,8.0,222836.0,SAND HILLS (WOJCIK-MCELROY),"WADDELL, W. N. ET AL", 1453  ,,2572.0,0,0,0,,0,882,882,2.0,SAND HILLS,WOJCIK-MCELROY,0.0,0.0,441.0,330.75
Aug 2021,,Gas,8.0,222849.0,SAND HILLS (WOJCIK-MCELROY),"WADDELL, W. N. ET AL", 1131  ,,,0,0,0,,0,914,914,2.0,SAND HILLS,WOJCIK-MCELROY,0.0,0.0,457.0,342.75
Aug 2021,,Gas,8.0,222874.0,SAND HILLS (WOJCIK-MCELROY),"WADDELL, W. N. ET AL",  145  ,,,0,0,0,,0,0,0,,SAND HILLS,WOJCIK-MCELROY,0.0,0.0,0.0,0.0
Aug 2021,,Gas,8.0,222880.0,SAND HILLS (WOJCIK-MCELROY),"WADDELL, W. N. ET AL",  115  ,,,8,237,233,0.0,12,"1,041",1041,2.0,SAND HILLS,WOJCIK-MCELROY,116.5,87.375,520.5,390.375
Aug 2021,,Gas,8.0,223880.0,SAND HILLS (WOJCIK-MCELROY),"WADDELL, W. N. ET AL", 1554  ,,2572.0,0,0,0,,0,0,0,,SAND HILLS,WOJCIK-MCELROY,0.0,0.0,0.0,0.0
Aug 2021,,Gas,8.0,227384.0,SAND HILLS (WOJCIK-MCELROY),"WADDELL, W. N. ETAL",   97  ,,,0,0,0,,0,287,287,2.0,SAND HILLS,WOJCIK-MCELROY,0.0,0.0,143.5,107.625
Aug 2021,,Gas,8.0,227387.0,SAND HILLS (WOJCIK-MCELROY),"WADDELL, W. N. ETAL", 1036  ,,,0,0,0,,0,873,873,2.0,SAND HILLS,WOJCIK-MCELROY,0.0,0.0,436.5,327.375
Aug 2021,,Gas,8.0,228816.0,SAND HILLS (WOJCIK-MCELROY),"WADDELL, W. N. ET AL", 1025  ,,,0,0,0,,0,802,802,2.0,SAND HILLS,WOJCIK-MCELROY,0.0,0.0,401.0,300.75
Aug 2021,,Gas,8.0,238249.0,SAND HILLS (WOJCIK-MCELROY),"WADDELL, W. N. ETAL",  120  ,,,0,0,0,,0,"1,422",1422,2.0,SAND HILLS,WOJCIK-MCELROY,0.0,0.0,711.0,533.25
Aug 2021,,Gas,8.0,242153.0,SAND HILLS (WOJCIK-MCELROY),"WADDELL, W.N.,ETAL", 1433  ,,4590.0,0,0,0,,0,0,0,,SAND HILLS,WOJCIK-MCELROY,0.0,0.0,0.0,0.0
Aug 2021,,Gas,8.0,242192.0,SAND HILLS (WOJCIK-MCELROY),"WADDELL,W.N.,ETAL", 1058  ,,2572.0,0,0,0,,0,821,821,2.0,SAND HILLS,WOJCIK-MCELROY,0.0,0.0,410.5,307.875
Aug 2021,,Gas,8.0,244883.0,SAND HILLS (WOJCIK-MCELROY),"WADDELL, W. N. ETAL",  849  ,,,0,0,0,,0,439,439,2.0,SAND HILLS,WOJCIK-MCELROY,0.0,0.0,219.5,164.625
Aug 2021,,Gas,8.0,245581.0,SAND HILLS (WOJCIK-MCELROY),"WADDELL, W.N. ETAL",  494  ,,4405.0,0,0,0,,0,"2,966",2966,2.0,SAND HILLS,WOJCIK-MCELROY,0.0,0.0,1483.0,1112.25
Aug 2021,,Gas,8.0,248876.0,SAND HILLS (WOJCIK-MCELROY),"WADDELL, W. N. ETAL",  715  ,,,0,0,0,,0,184,184,2.0,SAND HILLS,WOJCIK-MCELROY,0.0,0.0,92.0,69.0
Aug 2021,,Oil,8.0,12508.0,SAND HILLS (WOLFCAMP),WADDELL TR A,,T,,360,"7,552",7683,0.0,229,"59,159",59159,2.0,SAND HILLS,WOLFCAMP,3841.5,2881.125,29579.5,22184.625
Aug 2021,,,8.0,12508.0,SAND HILLS (WOLFCAMP),WADDELL TR A,,,2375.0,76,"2,927",2935,0.0,68,,0,,SAND HILLS,WOLFCAMP,1467.5,1100.625,0.0,0.0
Aug 2021,,,8.0,12508.0,SAND HILLS (WOLFCAMP),WADDELL TR A,,,3152.0,4,63,64,0.0,3,,0,,SAND HILLS,WOLFCAMP,32.0,24.0,0.0,0.0
Aug 2021,,,8.0,12508.0,SAND HILLS (WOLFCAMP),WADDELL TR A,,,4030.0,280,"4,562",4684,0.0,158,,0,,SAND HILLS,WOLFCAMP,2342.0,1756.5,0.0,0.0
Aug 2021,,Oil,8.0,55151.0,SAND HILLS (WOLFCAMP),WADDELL TR D,,,4030.0,91,"1,941",1990,0.0,42,"7,224",7224,2.0,SAND HILLS,WOLFCAMP,995.0,746.25,3612.0,2709.0
Aug 2021,,Oil,8.0,55152.0,SAND HILLS (WOLFCAMP),WADDELL TR I,,,3803.0,0,0,0,,0,0,0,,SAND HILLS,WOLFCAMP,0.0,0.0,0.0,0.0
Aug 2021,Y,Gas,8.0,228249.0,SAND HILLS (WOLFCAMP),WADDELL TR A, 1926  ,,4030.0,56,585,598,0.0,43,"2,452",2452,2.0,SAND HILLS,WOLFCAMP,299.0,224.25,1226.0,919.5
Aug 2021,Y,Oil,8.0,20914.0,"SAND HILLS, EAST (ELLENBURGER)",WADDELL TR A,,T,,28,298,311,0.0,15,728,728,2.0,SAND HILLS,ELLENBURGER,155.5,116.625,364.0,273.0
Aug 2021,,,8.0,20914.0,"SAND HILLS, EAST (ELLENBURGER)",WADDELL TR A,,,3152.0,0,0,0,,0,0,0,,SAND HILLS,ELLENBURGER,0.0,0.0,0.0,0.0
Aug 2021,,,8.0,20914.0,"SAND HILLS, EAST (ELLENBURGER)",WADDELL TR A,,,3806.0,28,298,311,0.0,15,0,0,,SAND HILLS,ELLENBURGER,155.5,116.625,0.0,0.0
Aug 2021,,Oil,8.0,35405.0,"SAND HILLS, NW. (TUBB)",CROLEY ESTATE,,,5393.0,115,64,106,1.0,73,419,419,2.0,SAND HILLS,TUBB,53.0,39.75,209.5,157.125
Aug 2021,,Oil,8.0,33674.0,"SAND HILLS, NW. (WOLFCAMP)",CROLEY,,,5393.0,276,154,255,1.0,175,"1,361",1361,2.0,SAND HILLS,WOLFCAMP,127.5,95.625,680.5,510.375
Aug 2021,,Oil,8.0,20327.0,"SAND HILLS, S. (HOLT)","WADDELL, W. N. ET AL TR. I",,,3803.0,0,0,0,,0,0,0,,SAND HILLS,HOLT,0.0,0.0,0.0,0.0
Aug 2021,Y,Oil,8.0,49089.0,SHAFTER LAKE (SAN ANDRES),PIRATE U 13-13,,,,186,0,0,,331,0,0,,SHAFTER LAKE,SAN ANDRES,0.0,0.0,0.0,0.0
Aug 2021,,Oil,8.0,7061.0,UNIVERSITY WADDELL (DEVONIAN),"WADDELL, W. N.",,,5399.0,273,"7,733",7413,1.0,593,"9,486",9486,2.0,UNIVERSITY WADDELL,DEVONIAN,3706.5,2779.875,4743.0,3557.25
Aug 2021,,Oil,8.0,36386.0,UNIVERSITY WADDELL (DEVONIAN),W. N. WADDELL DPU,,,5399.0,73,"1,448",1410,1.0,111,194,194,2.0,UNIVERSITY WADDELL,DEVONIAN,705.0,528.75,97.0,72.75
Aug 2021,,Oil,8.0,34470.0,UNIVERSITY WADDELL (ELLENBURGER),"WADDELL, W.N.",,,,0,0,0,,0,0,0,,UNIVERSITY WADDELL,ELLENBURGER,0.0,0.0,0.0,0.0
Aug 2021,,Oil,8.0,37068.0,UNIVERSITY WADDELL (PENN.),"WADDELL, W. N.",,,5399.0,1,28,27,1.0,2,88,88,2.0,UNIVERSITY WADDELL,PENN.,13.5,10.125,44.0,33.0
Aug 2021,,Oil,8.0,30985.0,UNIVERSITY WADDELL (WADDELL SD.),"WADDELL, W. N.",,,5399.0,30,886,848,1.0,68,45,45,2.0,UNIVERSITY WADDELL,WADDELL SD.,424.0,318.0,22.5,16.875
Aug 2021,,Oil,8.0,7155.0,WADDELL,"WADDELL, W. N.",,T,,924,"2,994",2635,1.0,"1,283","8,768",8768,2.0,WADDELL,WADDELL,1317.5,988.125,4384.0,3288.0
Aug 2021,,,8.0,7155.0,WADDELL,"WADDELL, W. N.",,,3501.0,112,233,179,1.0,166,,0,,WADDELL,WADDELL,89.5,67.125,0.0,0.0
Aug 2021,,,8.0,7155.0,WADDELL,"WADDELL, W. N.",,,5425.0,459,"1,334",1260,1.0,533,,0,,WADDELL,WADDELL,630.0,472.5,0.0,0.0
Aug 2021,,,8.0,7155.0,WADDELL,"WADDELL, W. N.",,,8092.0,0,0,0,,0,,0,,WADDELL,WADDELL,0.0,0.0,0.0,0.0
Aug 2021,,,8.0,7155.0,WADDELL,"WADDELL, W. N.",,,8988.0,353,"1,427",1196,1.0,584,,0,,WADDELL,WADDELL,598.0,448.5,0.0,0.0
Aug 2021,,Oil,8.0,35714.0,WADDELL (DEVONIAN),"WADDELL, W. N.",,,8092.0,70,170,119,1.0,121,877,877,2.0,WADDELL,DEVONIAN,59.5,44.625,438.5,328.875
Aug 2021,,Oil,8.0,37331.0,WADDELL (GRAYBURG),"WADDELL, W.N.",,T,,46,145,123,1.0,68,"3,750",3750,2.0,WADDELL,GRAYBURG,61.5,46.125,1875.0,1406.25
Aug 2021,,,8.0,37331.0,WADDELL (GRAYBURG),"WADDELL, W.N.",,,5425.0,13,22,26,1.0,9,,0,,WADDELL,GRAYBURG,13.0,9.75,0.0,0.0
Aug 2021,,,8.0,37331.0,WADDELL (GRAYBURG),"WADDELL, W.N.",,,8092.0,14,27,22,1.0,19,,0,,WADDELL,GRAYBURG,11.0,8.25,0.0,0.0
Aug 2021,,,8.0,37331.0,WADDELL (GRAYBURG),"WADDELL, W.N.",,,8988.0,19,96,75,1.0,40,,0,,WADDELL,GRAYBURG,37.5,28.125,0.0,0.0
Aug 2021,,Gas,8.0,21000.0,WADDELL (GRAYBURG),"WADDELL, W.N.",  242  ,,8988.0,2,0,2,1.0,0,"1,394",1394,2.0,WADDELL,GRAYBURG,1.0,0.75,697.0,522.75
Aug 2021,,Gas,8.0,33048.0,WADDELL (GRAYBURG),"WADDELL, W.N.",  191  ,,5425.0,2,0,2,1.0,0,122,122,2.0,WADDELL,GRAYBURG,1.0,0.75,61.0,45.75
Aug 2021,,Gas,8.0,34403.0,WADDELL (GRAYBURG),"WADDELL, W.N.",  899  ,,5425.0,1,0,1,1.0,0,204,204,2.0,WADDELL,GRAYBURG,0.5,0.375,102.0,76.5
Aug 2021,,Gas,8.0,34427.0,WADDELL (GRAYBURG),"WADDELL, W.N.",  898  ,,8092.0,2,0,2,1.0,0,945,945,2.0,WADDELL,GRAYBURG,1.0,0.75,472.5,354.375
Aug 2021,,Gas,8.0,38011.0,WADDELL (GRAYBURG),"WADDELL, W.N.",  914  ,,,0,0,0,,0,0,0,,WADDELL,GRAYBURG,0.0,0.0,0.0,0.0
Aug 2021,,Gas,8.0,69238.0,WADDELL (GRAYBURG),"WADDELL, W.N.",  682  ,,8092.0,13,26,20,1.0,19,974,974,2.0,WADDELL,GRAYBURG,10.0,7.5,487.0,365.25
Aug 2021,,Gas,8.0,72449.0,WADDELL (GRAYBURG),"WADDELL, W.N.",  958  ,,8092.0,2,0,2,1.0,0,776,776,2.0,WADDELL,GRAYBURG,1.0,0.75,388.0,291.0
Aug 2021,,Gas,8.0,144422.0,WADDELL (GRAYBURG),"WADDELL, W.N.",   15  ,,3501.0,0,0,0,,0,0,0,,WADDELL,GRAYBURG,0.0,0.0,0.0,0.0
Aug 2021,,Gas,8.0,144840.0,WADDELL (GRAYBURG),"WADDELL, W.N.",  736  ,,3501.0,2,4,3,1.0,3,272,272,2.0,WADDELL,GRAYBURG,1.5,1.125,136.0,102.0
Aug 2021,,Gas,8.0,144841.0,WADDELL (GRAYBURG),"WADDELL, W.N.", 1145  ,,8988.0,0,0,0,,0,0,0,,WADDELL,GRAYBURG,0.0,0.0,0.0,0.0
Aug 2021,,Gas,8.0,147187.0,WADDELL (GRAYBURG),"WADDELL, W.N.",  859  ,,8988.0,7,16,16,1.0,7,800,800,2.0,WADDELL,GRAYBURG,8.0,6.0,400.0,300.0
Aug 2021,,Gas,8.0,190864.0,WADDELL (GRAYBURG),"WADDELL, W.N.",  890  ,,8988.0,0,0,0,,0,0,0,,WADDELL,GRAYBURG,0.0,0.0,0.0,0.0
Aug 2021,,Gas,8.0,190926.0,WADDELL (GRAYBURG),"WADDELL, W.N.",  293  ,,3501.0,7,34,27,1.0,14,649,649,2.0,WADDELL,GRAYBURG,13.5,10.125,324.5,243.375
Aug 2021,,Gas,8.0,205775.0,WADDELL (GRAYBURG),"WADDELL, W. N.", 1200  ,,8092.0,7,34,27,1.0,14,891,891,2.0,WADDELL,GRAYBURG,13.5,10.125,445.5,334.125
Aug 2021,,Oil,8.0,20361.0,"-Y-, SOUTH (TUBB)","WADDELL, W.N. ET AL TR. -I-",,,3803.0,0,0,0,,0,0,0,,-Y-,TUBB,0.0,0.0,0.0,0.0
