API 10/UWI,District,Filed Date,Approved Date,Expired Date,State/Province,County/Parish,Operator Alias (Legacy),Lease Name,Well Number,Formation,Permit Depth,True Vertical Depth,Permit Type,Well Type,Drill Type,Well Status,Permit Status,Field,Operator (Reported),Amended Date,Contact Name,Contact Phone,Operator Address,Operator City,Operator State,Operator Zip,Operator City 30mi,Section,Operator City 50mi,Township,Range,Block,Survey,True Vertical Depth UOM,Abstract,WGID,H2S Area,Surface Hole Latitude (WGS84),Surface Hole Longitude (WGS84),OFS Region,Bottom Hole Latitude (WGS84),Bottom Hole Longitude (WGS84),Lease Number,Permit Depth UOM,Permit Number,DI Basin,DI Play,DI Subplay,Operator Company Name,Operator Ticker
4210336933,8,2021-12-02,2021-12-30,2023-12-30,TX,CRANE (TX),BLACKBEARD OPERATING,WADDELL TR B,3199,"JUDKINS,MCKNIGHT",9000,9000,NewDrill,OIL & GAS,V,PERMITTED,Active,SAND HILLS,"BLACKBEARD OPERATING, LLC",,REGULATORY BLACKBEARD,4322420050,"1751 RIVER RUN
SUITE 405",FORT WORTH,TX,76107,,28,Dallas,,,B26,"PSL / WADDELL, W N & CO",,1271,19355469,true,31.5041309,-102.5897101,PERMIAN BASIN,31.5041309,-102.5897101,,ft,875006,CENTRAL BASIN PLATFORM,CENTRAL BASIN PLATFORM,,"BLACKBEARD OPERATING, LLC",
4210336928,8,2021-11-30,2021-12-29,2023-12-29,TX,CRANE (TX),BLACKBEARD OPERATING,WADDELL TR A,3575,"CLEAR FORK,SAN ANGELO, UPPER,TUBB,WOLFCAMP",9000,9000,NewDrill,OIL & GAS,V,PERMITTED,Active,SAND HILLS,"BLACKBEARD OPERATING, LLC",,REGULATORY BLACKBEARD,4322420050,"1751 RIVER RUN
SUITE 405",FORT WORTH,TX,76107,,18,Dallas,,,B26,"PSL / WADDELL, W N & CO",,1265,19355468,true,31.5359158,-102.6340665,PERMIAN BASIN,31.5359158,-102.6340665,,ft,874866,CENTRAL BASIN PLATFORM,CENTRAL BASIN PLATFORM,,"BLACKBEARD OPERATING, LLC",
4210336923,8,2021-11-29,2021-12-29,2023-12-29,TX,CRANE (TX),BLACKBEARD OPERATING,WADDELL TR A,4300H,"SAN ANGELO, UPPER",9000,,NewDrill,OIL & GAS,H,PERMITTED,Active,SAND HILLS,"BLACKBEARD OPERATING, LLC",,REGULATORY BLACKBEARD,4322420050,"1751 RIVER RUN
SUITE 405",FORT WORTH,TX,76107,,20,Dallas,,,B21,"PSL / WADDELL, W N & CO",,1256,19355467,true,31.5076082,-102.6512111,PERMIAN BASIN,31.4890897,-102.6469456,,ft,874816,CENTRAL BASIN PLATFORM,CENTRAL BASIN PLATFORM,,"BLACKBEARD OPERATING, LLC",
4210336917,8,2021-11-23,2021-12-29,2023-12-29,TX,CRANE (TX),BLACKBEARD OPERATING,WADDELL TR 1,3907,,9000,9000,NewDrill,OIL & GAS,V,PERMITTED,Active,DUNE,"BLACKBEARD OPERATING, LLC",,VALERIE MOSS,4322420050,"1751 RIVER RUN
SUITE 405",FORT WORTH,TX,76107,,2,Dallas,,,B24,"PSL / WADDELL, W N",,1165,19355464,true,31.5885325,-102.4362830,PERMIAN BASIN,31.5885325,-102.4362830,,ft,874766,CENTRAL BASIN PLATFORM,CENTRAL BASIN PLATFORM,,"BLACKBEARD OPERATING, LLC",
4210336926,8,2021-11-30,2021-12-29,2023-12-29,TX,CRANE (TX),BLACKBEARD OPERATING,WADDELL TR A,3574,"CLEAR FORK,SAN ANGELO, UPPER,TUBB,WOLFCAMP",9000,9000,NewDrill,OIL & GAS,V,PERMITTED,Active,SAND HILLS,"BLACKBEARD OPERATING, LLC",,REGULATORY BLACKBEARD,4322420050,"1751 RIVER RUN
SUITE 405",FORT WORTH,TX,76107,,18,Dallas,,,B26,"PSL / WADDELL, W N & CO",,1265,19355470,true,31.5351470,-102.6376551,PERMIAN BASIN,31.5351470,-102.6376551,,ft,874840,CENTRAL BASIN PLATFORM,CENTRAL BASIN PLATFORM,,"BLACKBEARD OPERATING, LLC",
4210336927,8,2021-11-30,2021-12-29,2023-12-29,TX,CRANE (TX),BLACKBEARD OPERATING,WADDELL TR A,3301,"CLEAR FORK,SAN ANGELO, UPPER,TUBB,WOLFCAMP",9000,9000,NewDrill,OIL & GAS,V,PERMITTED,Active,SAND HILLS,"BLACKBEARD OPERATING, LLC",,REGULATORY BLACKBEARD,4322420050,"1751 RIVER RUN
SUITE 405",FORT WORTH,TX,76107,,17,Dallas,,,B26,"PSL / WADDELL, W N & CO",,1264,19355478,true,31.5309522,-102.6247561,PERMIAN BASIN,31.5309522,-102.6247561,,ft,874842,CENTRAL BASIN PLATFORM,CENTRAL BASIN PLATFORM,,"BLACKBEARD OPERATING, LLC",
4210336922,8,2021-11-29,2021-12-29,2023-12-29,TX,CRANE (TX),BLACKBEARD OPERATING,WADDELL TR A,3586,"CLEAR FORK,SAN ANGELO, UPPER,TUBB,WOLFCAMP",9000,9000,NewDrill,OIL & GAS,V,PERMITTED,Active,SAND HILLS,"BLACKBEARD OPERATING, LLC",,REGULATORY BLACKBEARD,4322420050,"1751 RIVER RUN
SUITE 405",FORT WORTH,TX,76107,,18,Dallas,,,B26,"PSL / WADDELL, W N & CO",,1265,19355475,true,31.5238496,-102.6291639,PERMIAN BASIN,31.5238496,-102.6291639,,ft,874812,CENTRAL BASIN PLATFORM,CENTRAL BASIN PLATFORM,,"BLACKBEARD OPERATING, LLC",
4210336918,8,2021-11-23,2021-12-29,2023-12-29,TX,CRANE (TX),BLACKBEARD OPERATING,WADDELL TR 1,3902,,9000,9000,NewDrill,OIL & GAS,V,PERMITTED,Active,DUNE,"BLACKBEARD OPERATING, LLC",,VALERIE MOSS,4322420050,"1751 RIVER RUN
SUITE 405",FORT WORTH,TX,76107,,4,Dallas,,,B24,"PSL / WADDELL, W N",,1167,19355474,true,31.5767901,-102.4274492,PERMIAN BASIN,31.5767901,-102.4274492,,ft,874769,CENTRAL BASIN PLATFORM,CENTRAL BASIN PLATFORM,,"BLACKBEARD OPERATING, LLC",
4210336948,8,2021-12-22,2021-12-28,2023-12-28,TX,CRANE (TX),BLACKBEARD OPERATING,STEDE BONNET E,7,,9000,9000,NewDrill,OIL,V,UNKNOWN,Active,ARMER,"BLACKBEARD OPERATING, LLC",,ANDREW STAMPS,7135025033,"1751 RIVER RUN
SUITE 405",FORT WORTH,TX,76107,,7,Dallas,,,B26,"PSL/MC KNIGHT, M B",,1123,,true,31.5363296,-102.6423501,PERMIAN BASIN,31.5363296,-102.6423501,,ft,875556,CENTRAL BASIN PLATFORM,CENTRAL BASIN PLATFORM,,"BLACKBEARD OPERATING, LLC",
4210336945,8,2021-12-17,2021-12-21,2023-12-21,TX,CRANE (TX),BLACKBEARD OPERATING,WADDELL TR A,3018,"CLEAR FORK,SAN ANGELO, UPPER,TUBB,WOLFCAMP",9000,9000,NewDrill,OIL & GAS,V,UNKNOWN,Active,SAND HILLS,"BLACKBEARD OPERATING, LLC",,SHANNON BURK,4322420050,"1751 RIVER RUN
SUITE 405",FORT WORTH,TX,76107,,14,Dallas,,,B21,"PSL/ WADDELL, W N & CO",,1247,,true,31.5163567,-102.7015416,PERMIAN BASIN,31.5163567,-102.7015416,,ft,875417,CENTRAL BASIN PLATFORM,CENTRAL BASIN PLATFORM,,"BLACKBEARD OPERATING, LLC",
4210336946,8,2021-12-20,2021-12-22,2023-12-22,TX,CRANE (TX),BLACKBEARD OPERATING,WADDELL TR A,3403,"CLEAR FORK,SAN ANGELO, UPPER,TUBB,WOLFCAMP",9000,9000,NewDrill,OIL & GAS,V,UNKNOWN,Active,SAND HILLS,"BLACKBEARD OPERATING, LLC",,SHANNON BURK,4322420050,"1751 RIVER RUN
SUITE 405",FORT WORTH,TX,76107,,22,Dallas,,,B21,"PSL / WADDELL, W N & CO",,1258,,true,31.4939948,-102.6612284,PERMIAN BASIN,31.4939948,-102.6612284,,ft,875462,CENTRAL BASIN PLATFORM,CENTRAL BASIN PLATFORM,,"BLACKBEARD OPERATING, LLC",
4210336947,8,2021-12-17,2021-12-22,2023-12-22,TX,CRANE (TX),BLACKBEARD OPERATING,LANDLUBBER,43,"CLEAR FORK,TUBB",9000,9000,NewDrill,OIL,V,UNKNOWN,Active,SAND HILLS,"BLACKBEARD OPERATING, LLC",,ANDREW STAMPS,7135025033,"1751 RIVER RUN
SUITE 405",FORT WORTH,TX,76107,,26,Dallas,,,B17,"O`NEAL, M C / MC KNIGHT, M B",,1107,,true,31.5565869,-102.7145599,PERMIAN BASIN,31.5565869,-102.7145599,,ft,875446,CENTRAL BASIN PLATFORM,CENTRAL BASIN PLATFORM,,"BLACKBEARD OPERATING, LLC",
4210336913,8,2021-11-17,2021-12-21,2023-12-21,TX,CRANE (TX),BLACKBEARD OPERATING,WADDELL TR A,4018H,MCKNIGHT,9000,,NewDrill,OIL & GAS,H,PERMITTED,Active,SAND HILLS,"BLACKBEARD OPERATING, LLC",,REGULATORY BLACKBEARD,4322420050,"1751 RIVER RUN
SUITE 405",FORT WORTH,TX,76107,,30,Dallas,,,B26,"PSL/WADDELL, W N & CO",,1273,19354713,true,31.5037031,-102.6287026,PERMIAN BASIN,31.4936284,-102.6246776,,ft,874614,CENTRAL BASIN PLATFORM,CENTRAL BASIN PLATFORM,,"BLACKBEARD OPERATING, LLC",
4210336943,8,2021-12-14,2021-12-20,2023-12-20,TX,CRANE (TX),BLACKBEARD OPERATING,STEDE BONNET,19,"CLEAR FORK,TUBB",9000,9000,NewDrill,OIL,V,UNKNOWN,Active,SAND HILLS,"BLACKBEARD OPERATING, LLC",,ANDREW STAMPS,7135025033,"1751 RIVER RUN
SUITE 405",FORT WORTH,TX,76107,,10,Dallas,,,B21,"PSL / MC KNIGHT, M B",,1114,,true,31.5358780,-102.6524993,PERMIAN BASIN,31.5358780,-102.6524993,,ft,875307,CENTRAL BASIN PLATFORM,CENTRAL BASIN PLATFORM,,"BLACKBEARD OPERATING, LLC",
4210336944,8,2021-12-15,2021-12-20,2023-12-20,TX,CRANE (TX),BLACKBEARD OPERATING,WADDELL TR A,3128,"CLEAR FORK,TUBB,WOLFCAMP",9000,9000,NewDrill,OIL & GAS,V,UNKNOWN,Active,SAND HILLS,"BLACKBEARD OPERATING, LLC",,SHANNON BURK,4322420050,"1751 RIVER RUN
SUITE 405",FORT WORTH,TX,76107,,20,Dallas,,,B21,"PSL / WADDELL, W N & CO",,1256,,true,31.5131388,-102.6442141,PERMIAN BASIN,31.5131388,-102.6442141,,ft,875342,CENTRAL BASIN PLATFORM,CENTRAL BASIN PLATFORM,,"BLACKBEARD OPERATING, LLC",
4210336938,8,2021-12-08,2021-12-15,2023-12-15,TX,CRANE (TX),BLACKBEARD OPERATING,WADDELL TR A,4008H,MCKNIGHT,9000,,NewDrill,OIL & GAS,H,UNKNOWN,Active,SAND HILLS,"BLACKBEARD OPERATING, LLC",,REGULATORY BLACKBEARD,4322420050,"1751 RIVER RUN
SUITE 405",FORT WORTH,TX,76107,,18,Dallas,,,B21,"PSL / WADDELL, W N & CO",,1254,,true,31.5022862,-102.6890039,PERMIAN BASIN,31.4809507,-102.6823372,,ft,875130,CENTRAL BASIN PLATFORM,CENTRAL BASIN PLATFORM,,"BLACKBEARD OPERATING, LLC",
4210336941,8,2021-12-09,2021-12-15,2023-12-15,TX,CRANE (TX),BLACKBEARD OPERATING,BUCCANEER,11,"CLEAR FORK,TUBB",9000,9000,NewDrill,OIL,V,UNKNOWN,Active,SAND HILLS,"BLACKBEARD OPERATING, LLC",,ANDREW STAMPS,7135025033,"1751 RIVER RUN
SUITE 405",FORT WORTH,TX,76107,,5,Dallas,,,B21,"PSL/THOMASON, MRS R",,312,,true,31.5407485,-102.7267352,PERMIAN BASIN,31.5407485,-102.7267352,,ft,875180,CENTRAL BASIN PLATFORM,CENTRAL BASIN PLATFORM,,"BLACKBEARD OPERATING, LLC",
4210336942,8,2021-12-13,2021-12-15,2023-12-15,TX,CRANE (TX),BLACKBEARD OPERATING,WADDELL TR A,3127,"CLEAR FORK,SAN ANGELO, UPPER,TUBB,WOLFCAMP",9000,9000,NewDrill,OIL & GAS,V,UNKNOWN,Active,SAND HILLS,"BLACKBEARD OPERATING, LLC",,REGULATORY BLACKBEARD,4322420050,"1751 RIVER RUN
SUITE 405",FORT WORTH,TX,76107,,20,Dallas,,,B21,"PSL / WADDELL, W N & CO",,1256,,true,31.5114027,-102.6525586,PERMIAN BASIN,31.5114027,-102.6525586,,ft,875245,CENTRAL BASIN PLATFORM,CENTRAL BASIN PLATFORM,,"BLACKBEARD OPERATING, LLC",
4210336931,8,2021-12-01,2021-12-15,2023-12-15,TX,CRANE (TX),BLACKBEARD OPERATING,WADDELL TR A,3154,"CLEAR FORK,SAN ANGELO, UPPER,TUBB,WOLFCAMP",9000,9000,NewDrill,OIL & GAS,V,PERMITTED,Active,SAND HILLS,"BLACKBEARD OPERATING, LLC",,REGULATORY BLACKBEARD,4322420050,"1751 RIVER RUN
SUITE 405",FORT WORTH,TX,76107,,20,Dallas,,,B26,"PSL / WADDELL, W N & CO",,1267,19355471,true,31.5242079,-102.6182440,PERMIAN BASIN,31.5242079,-102.6182440,,ft,874943,CENTRAL BASIN PLATFORM,CENTRAL BASIN PLATFORM,,"BLACKBEARD OPERATING, LLC",
4210336935,8,2021-12-06,2021-12-14,2023-12-14,TX,CRANE (TX),BLACKBEARD OPERATING,WADDELL TR 1,3805,"DEVONIAN,FUSSELMAN,SILURIAN,WICHITA-ALBANY,WOLFCAMP",10250,10250,NewDrill,OIL & GAS,V,PERMITTED,Active,"DUNE,RUNNING W,UNIVERSITY WADDELL,WADDELL","BLACKBEARD OPERATING, LLC",,VALERIE MOSS,4322420050,"1751 RIVER RUN
SUITE 405",FORT WORTH,TX,76107,,14,Dallas,,,B23,"PSL / WADDELL, W N",,1159,19355472,true,31.6113723,-102.4938360,PERMIAN BASIN,31.6113723,-102.4938360,,ft,875040,CENTRAL BASIN PLATFORM,CENTRAL BASIN PLATFORM,,"BLACKBEARD OPERATING, LLC",
4210336937,8,2021-12-08,2021-12-14,2023-12-14,TX,CRANE (TX),BLACKBEARD OPERATING,WADDELL TR A,3561,"CLEAR FORK,SAN ANGELO, UPPER,TUBB",9000,9000,NewDrill,OIL & GAS,V,UNKNOWN,Active,SAND HILLS,"BLACKBEARD OPERATING, LLC",,REGULATORY BLACKBEARD,4322420050,"1751 RIVER RUN
SUITE 405",FORT WORTH,TX,76107,,11,Dallas,,,B21,"PSL / WADDELL, W N & CO",,1243,,true,31.5305909,-102.6585033,PERMIAN BASIN,31.5305909,-102.6585033,,ft,875128,CENTRAL BASIN PLATFORM,CENTRAL BASIN PLATFORM,,"BLACKBEARD OPERATING, LLC",
4210336908,8,2021-11-09,2021-11-30,2023-11-30,TX,CRANE (TX),BLACKBEARD OPERATING,WADDELL TR A,3125,"CLEAR FORK,SAN ANGELO, UPPER,TUBB,WOLFCAMP",9000,9000,NewDrill,OIL & GAS,V,PERMITTED,Active,SAND HILLS,"BLACKBEARD OPERATING, LLC",,REGULATORY BLACKBEARD,4322420050,"1751 RIVER RUN
SUITE 405",FORT WORTH,TX,76107,,20,Dallas,,,B21,"PSL / WADDELL, W N & CO",,1256,19354710,true,31.5154081,-102.6474919,PERMIAN BASIN,31.5154081,-102.6474919,,ft,874402,CENTRAL BASIN PLATFORM,CENTRAL BASIN PLATFORM,,"BLACKBEARD OPERATING, LLC",
4210336936,8,2021-12-07,2021-12-13,2023-12-13,TX,CRANE (TX),BLACKBEARD OPERATING,WADDELL TR 1,4803H,,9000,,NewDrill,OIL & GAS,H,UNKNOWN,Active,DUNE,"BLACKBEARD OPERATING, LLC",,VALERIE MOSS,4322420050,"1751 RIVER RUN
SUITE 405",FORT WORTH,TX,76107,,10,Dallas,,,B25,"PSL / WADDELL, W N",,1179,,true,31.5732069,-102.4870942,PERMIAN BASIN,31.5910008,-102.4924165,,ft,875108,CENTRAL BASIN PLATFORM,CENTRAL BASIN PLATFORM,,"BLACKBEARD OPERATING, LLC",
4210336920,8,2021-11-15,2021-11-30,2023-11-30,TX,CRANE (TX),BLACKBEARD OPERATING,CROLEY ESTATE,44,"CLEAR FORK,TUBB",9000,9000,NewDrill,OIL,V,PERMITTED,Active,SAND HILLS,"BLACKBEARD OPERATING, LLC",,ANDREW STAMPS,7135025033,"1751 RIVER RUN
SUITE 405",FORT WORTH,TX,76107,,4,Dallas,,,B21,"PSL/MC KNIGHT, M B",,1111,19355466,true,31.5456346,-102.7088959,PERMIAN BASIN,31.5456346,-102.7088959,,ft,874570,CENTRAL BASIN PLATFORM,CENTRAL BASIN PLATFORM,,"BLACKBEARD OPERATING, LLC",
4210336925,8,2021-11-29,2021-12-01,2023-12-01,TX,CRANE (TX),BLACKBEARD OPERATING,WADDELL TR A,3300,"CLEAR FORK,SAN ANGELO, UPPER,WOLFCAMP",9000,9000,NewDrill,OIL & GAS,V,DUC,Active,SAND HILLS,"BLACKBEARD OPERATING, LLC",,REGULATORY BLACKBEARD,4322420050,"1751 RIVER RUN
SUITE 405",FORT WORTH,TX,76107,,18,Dallas,,,B26,"PSL / WADDELL, W N & CO",,1265,19355473,true,31.5349332,-102.6315153,PERMIAN BASIN,31.5349332,-102.6315153,,ft,874818,CENTRAL BASIN PLATFORM,CENTRAL BASIN PLATFORM,,"BLACKBEARD OPERATING, LLC",
4210336903,8,2021-11-03,2021-12-07,2023-12-07,TX,CRANE (TX),BLACKBEARD OPERATING,WADDELL TR A,4010H,MCKNIGHT,9000,,NewDrill,OIL & GAS,H,DUC,Active,SAND HILLS,"BLACKBEARD OPERATING, LLC",,REGULATORY BLACKBEARD,4322420050,"1751 RIVER RUN
SUITE 405",FORT WORTH,TX,76107,,18,Dallas,,,B21,"PSL/WADDELL, W N & CO",,1254,19354178,true,31.5043778,-102.6818010,PERMIAN BASIN,31.5245243,-102.6872761,,ft,874234,CENTRAL BASIN PLATFORM,CENTRAL BASIN PLATFORM,,"BLACKBEARD OPERATING, LLC",
4210336924,8,2021-11-29,2021-12-01,2023-12-01,TX,CRANE (TX),BLACKBEARD OPERATING,WADDELL TR A,3079,"CLEAR FORK,SAN ANGELO, UPPER,TUBB,WOLFCAMP",9000,9000,NewDrill,OIL & GAS,V,PERMITTED,Active,SAND HILLS,"BLACKBEARD OPERATING, LLC",,REGULATORY BLACKBEARD,4322420050,"1751 RIVER RUN
SUITE 405",FORT WORTH,TX,76107,,17,Dallas,,,B26,"PSL / WADDELL, W N & CO",,1264,19355707,true,31.5318852,-102.6284274,PERMIAN BASIN,31.5318852,-102.6284274,,ft,874817,CENTRAL BASIN PLATFORM,CENTRAL BASIN PLATFORM,,"BLACKBEARD OPERATING, LLC",
4210336904,8,2021-11-05,2021-12-07,2023-12-07,TX,CRANE (TX),BLACKBEARD OPERATING,WADDELL TR A,4004H,MCKNIGHT,9000,,NewDrill,OIL & GAS,H,PERMITTED,Active,SAND HILLS,"BLACKBEARD OPERATING, LLC",,REGULATORY BLACKBEARD,4322420050,"1751 RIVER RUN
SUITE 405",FORT WORTH,TX,76107,,30,Dallas,,,B26,"PSL/WADDELL, W N & CO",,1273,19354179,true,31.5030531,-102.6329249,PERMIAN BASIN,31.4920034,-102.6314749,,ft,874289,CENTRAL BASIN PLATFORM,CENTRAL BASIN PLATFORM,,"BLACKBEARD OPERATING, LLC",
4210336921,8,2021-11-23,2021-12-02,2023-12-02,TX,CRANE (TX),BLACKBEARD OPERATING,WATERLOGGED,7SD,ELLENBURGER,9000,9000,NewDrill,INJECTION,V,DRILLING,Active,SAND HILLS,"BLACKBEARD OPERATING, LLC",,JENNIFER KENNEDY,4324240050,"1751 RIVER RUN
SUITE 405",FORT WORTH,TX,76107,,20,Dallas,,,B26,"PSL / WADDELL, W N & CO",,1267,19355465,true,31.5148899,-102.6197599,PERMIAN BASIN,31.5148899,-102.6197599,,ft,874780,CENTRAL BASIN PLATFORM,CENTRAL BASIN PLATFORM,,"BLACKBEARD OPERATING, LLC",
4210336929,8,2021-12-01,2021-12-03,2023-12-03,TX,CRANE (TX),BLACKBEARD OPERATING,WADDELL TR A,3183,"JUDKINS,MCKNIGHT",9000,9000,NewDrill,OIL & GAS,V,PERMITTED,Active,SAND HILLS,"BLACKBEARD OPERATING, LLC",,REGULATORY BLACKBEARD,4322420050,"1751 RIVER RUN
SUITE 405",FORT WORTH,TX,76107,,29,Dallas,,,B26,"PSL / WADDELL, W N & CO",,1272,19355708,true,31.5013742,-102.6080860,PERMIAN BASIN,31.5013742,-102.6080860,,ft,874878,CENTRAL BASIN PLATFORM,CENTRAL BASIN PLATFORM,,"BLACKBEARD OPERATING, LLC",
4210336919,8,2021-11-23,2021-11-29,2023-11-29,TX,CRANE (TX),BLACKBEARD OPERATING,WADDELL TR 3,3810,"PENN UPPER,PENN.",9000,9000,NewDrill,OIL,V,PERMITTED,Active,"BLOCK 31, NW.,UNIVERSITY WADDELL","BLACKBEARD OPERATING, LLC",,VALERIE MOSS,4322420050,"1751 RIVER RUN
SUITE 405",FORT WORTH,TX,76107,,22,Dallas,,,B25,"PSL / WADDELL, W N",,1191,19355463,,31.5539521,-102.4928703,PERMIAN BASIN,31.5539521,-102.4928703,,ft,874772,CENTRAL BASIN PLATFORM,CENTRAL BASIN PLATFORM,,"BLACKBEARD OPERATING, LLC",
4210336916,8,2021-11-21,2021-11-29,2023-11-29,TX,CRANE (TX),BLACKBEARD OPERATING,WADDELL TR E,3761,"CLEAR FORK,MCKNIGHT,SAN ANDRES,TUBB",9000,9000,NewDrill,OIL,V,PERMITTED,Active,"DELL,SAND HILLS","BLACKBEARD OPERATING, LLC",,JENNIFER KENNEDY,4324240050,"1751 RIVER RUN
SUITE 405",FORT WORTH,TX,76107,,15,Dallas,,,4,H&TC RR CO,,157,19354936,true,31.3895339,-102.7411447,PERMIAN BASIN,31.3895339,-102.7411447,,ft,874719,CENTRAL BASIN PLATFORM,CENTRAL BASIN PLATFORM,,"BLACKBEARD OPERATING, LLC",
4210336914,8,2021-11-19,2021-11-23,2023-11-23,TX,CRANE (TX),BLACKBEARD OPERATING,WADDELL TR A,3027,"CLEAR FORK,SAN ANGELO, UPPER,TUBB,WOLFCAMP",9000,9000,NewDrill,OIL & GAS,V,PERMITTED,Active,SAND HILLS,"BLACKBEARD OPERATING, LLC",,REGULATORY BLACKBEARD,4322420050,"1751 RIVER RUN
SUITE 405",FORT WORTH,TX,76107,,17,Dallas,,,B21,"PSL / WADDELL, W N & CO",,1252,19354965,true,31.4982334,-102.7034958,PERMIAN BASIN,31.4982334,-102.7034958,,ft,874712,CENTRAL BASIN PLATFORM,CENTRAL BASIN PLATFORM,,"BLACKBEARD OPERATING, LLC",
4210336911,8,2021-11-15,2021-11-22,2023-11-22,TX,CRANE (TX),BLACKBEARD OPERATING,6 POUNDER SE,28,"CLEAR FORK,TUBB",9000,9000,NewDrill,OIL,V,PERMITTED,Active,SAND HILLS,"BLACKBEARD OPERATING, LLC",,ANDREW STAMPS,7135025033,"1751 RIVER RUN
SUITE 405",FORT WORTH,TX,76107,,4,Dallas,,,B21,"PSL/MC KNIGHT, M B",,1111,19354711,true,31.5373959,-102.7073626,PERMIAN BASIN,31.5373959,-102.7073626,,ft,874562,CENTRAL BASIN PLATFORM,CENTRAL BASIN PLATFORM,,"BLACKBEARD OPERATING, LLC",
4210336912,8,2021-11-17,2021-11-22,2023-11-22,TX,CRANE (TX),BLACKBEARD OPERATING,BUCCANEER,4,,9000,9000,NewDrill,OIL,V,PERMITTED,Active,ARMER,"BLACKBEARD OPERATING, LLC",,ANDREW STAMPS,7135025033,"1751 RIVER RUN
SUITE 405",FORT WORTH,TX,76107,,5,Dallas,,,B21,"PSL / THOMASON, MRS R",,312,19354712,true,31.5349837,-102.7193686,PERMIAN BASIN,31.5349837,-102.7193686,,ft,874625,CENTRAL BASIN PLATFORM,CENTRAL BASIN PLATFORM,,"BLACKBEARD OPERATING, LLC",
4210336909,8,2021-11-09,2021-11-18,2023-11-18,TX,CRANE (TX),BLACKBEARD OPERATING,WADDELL TR A,3110,"CLEAR FORK,SAN ANGELO, UPPER,TUBB,WOLFCAMP",9000,9000,NewDrill,OIL & GAS,V,PERMITTED,Active,SAND HILLS,"BLACKBEARD OPERATING, LLC",,REGULATORY BLACKBEARD,4322420050,"1751 RIVER RUN
SUITE 405",FORT WORTH,TX,76107,,19,Dallas,,,B21,"PSL / WADDELL, W N & CO",,1255,19354762,true,31.5114416,-102.6599949,PERMIAN BASIN,31.5114416,-102.6599949,,ft,874404,CENTRAL BASIN PLATFORM,CENTRAL BASIN PLATFORM,,"BLACKBEARD OPERATING, LLC",
4210336910,8,2021-11-10,2021-11-18,2023-11-18,TX,CRANE (TX),BLACKBEARD OPERATING,WADDELL TR A,3117,"CLEAR FORK,SAN ANGELO, UPPER,TUBB,WOLFCAMP",9000,9000,NewDrill,OIL & GAS,V,PERMITTED,Active,SAND HILLS,"BLACKBEARD OPERATING, LLC",,REGULATORY BLACKBEARD,4322420050,"1751 RIVER RUN
SUITE 405",FORT WORTH,TX,76107,,19,Dallas,,,B21,"PSL / WADDELL, W N & CO",,1255,19354763,true,31.5012669,-102.6601755,PERMIAN BASIN,31.5012669,-102.6601755,,ft,874411,CENTRAL BASIN PLATFORM,CENTRAL BASIN PLATFORM,,"BLACKBEARD OPERATING, LLC",
4210336905,8,2021-11-01,2021-11-09,2023-11-09,TX,CRANE (TX),BLACKBEARD OPERATING,STEDE BONNET E,9,"CLEAR FORK,TUBB",9000,9000,NewDrill,OIL,V,DUC,Active,"ARMER,SAND HILLS","BLACKBEARD OPERATING, LLC",,ANDREW STAMPS,7135025033,"1751 RIVER RUN
SUITE 405",FORT WORTH,TX,76107,,7,Dallas,,,B26,"PSL / MC KNIGHT, M B",,1123,19354240,true,31.5389268,-102.6475891,PERMIAN BASIN,31.5389268,-102.6475891,,ft,874134,CENTRAL BASIN PLATFORM,CENTRAL BASIN PLATFORM,,"BLACKBEARD OPERATING, LLC",
4210336889,8,2021-10-04,2021-11-08,2023-11-08,TX,CRANE (TX),BLACKBEARD OPERATING,WADDELL TR A,3153,"CLEAR FORK,SAN ANGELO, UPPER,TUBB,WOLFCAMP",9000,9000,NewDrill,OIL & GAS,V,PERMITTED,Active,SAND HILLS,"BLACKBEARD OPERATING, LLC",,REGULATORY BLACKBEARD,4322420050,"1751 RIVER RUN
SUITE 405",FORT WORTH,TX,76107,,17,Dallas,,,B26,"PSL/WADDELL, W N & CO",,1264,19352611,true,31.5251746,-102.6220275,PERMIAN BASIN,31.5251746,-102.6220275,,ft,873360,CENTRAL BASIN PLATFORM,CENTRAL BASIN PLATFORM,,"BLACKBEARD OPERATING, LLC",
4210336890,8,2021-10-06,2021-11-08,2023-11-08,TX,CRANE (TX),BLACKBEARD OPERATING,WADDELL TR A,4005H,MCKNIGHT,9000,,NewDrill,OIL & GAS,H,PERMITTED,Active,SAND HILLS,"BLACKBEARD OPERATING, LLC",,REGULATORY BLACKBEARD,4322420050,"1751 RIVER RUN
SUITE 405",FORT WORTH,TX,76107,,18,Dallas,,,B21,"PSL/WADDELL, W N & CO",,1254,19352612,true,31.5060818,-102.6732109,PERMIAN BASIN,31.4843757,-102.6674479,,ft,873452,CENTRAL BASIN PLATFORM,CENTRAL BASIN PLATFORM,,"BLACKBEARD OPERATING, LLC",
4210336902,8,2021-10-26,2021-11-03,2023-11-03,TX,CRANE (TX),BLACKBEARD OPERATING,BUCCANEER,12,"CLEAR FORK,TUBB",9000,9000,NewDrill,OIL,V,PERMITTED,Active,SAND HILLS,"BLACKBEARD OPERATING, LLC",,ANDREW STAMPS,7135025033,"1751 RIVER RUN
SUITE 405",FORT WORTH,TX,76107,,5,Dallas,,,B21,"PSL/ THOMASON, MRS R",,312,19353794,true,31.5443012,-102.7268832,PERMIAN BASIN,31.5443012,-102.7268832,,ft,873991,CENTRAL BASIN PLATFORM,CENTRAL BASIN PLATFORM,,"BLACKBEARD OPERATING, LLC",
4210336869,8,2021-09-07,2021-11-01,2023-11-01,TX,CRANE (TX),BLACKBEARD OPERATING,WADDELL TR B,3189,"CLEAR FORK,SAN ANGELO, UPPER,TUBB,WOLFCAMP",9000,9000,NewDrill,OIL & GAS,V,PERMITTED,Active,SAND HILLS,"BLACKBEARD OPERATING, LLC",,REGULATORY BLACKBEARD,4322420050,"1751 RIVER RUN
SUITE 405",FORT WORTH,TX,76107,,28,Dallas,,,B26,"PSL / WADDELL, W N & CO",,1271,19351151,true,31.5096422,-102.6011935,PERMIAN BASIN,31.5096422,-102.6011935,,ft,872583,CENTRAL BASIN PLATFORM,CENTRAL BASIN PLATFORM,,"BLACKBEARD OPERATING, LLC",
4210336887,8,2021-09-29,2021-10-25,2023-10-25,TX,CRANE (TX),BLACKBEARD OPERATING,WADDELL TR A,3083,"CLEAR FORK,WOLFCAMP",9000,9000,NewDrill,OIL & GAS,V,PERMITTED,Active,SAND HILLS,"BLACKBEARD OPERATING, LLC",,REGULATORY BLACKBEARD,4322420050,"1751 RIVER RUN
SUITE 405",FORT WORTH,TX,76107,,18,Dallas,,,B26,"PSL/WADDELL, W N & CO",,1265,19352302,true,31.5274995,-102.6283831,PERMIAN BASIN,31.5274995,-102.6283831,,ft,873221,CENTRAL BASIN PLATFORM,CENTRAL BASIN PLATFORM,,"BLACKBEARD OPERATING, LLC",
4210336900,8,2021-10-12,2021-10-19,2023-10-19,TX,CRANE (TX),BLACKBEARD OPERATING,BUCCANEER,3,,9000,9000,NewDrill,OIL,V,DUC,Active,ARMER,"BLACKBEARD OPERATING, LLC",,ANDREW STAMPS,7135025033,"1751 RIVER RUN
SUITE 405",FORT WORTH,TX,76107,,5,Dallas,,,B21,"PSL/THOMASON, MRS R",,312,19352959,true,31.5390847,-102.7210462,PERMIAN BASIN,31.5390847,-102.7210462,,ft,873597,CENTRAL BASIN PLATFORM,CENTRAL BASIN PLATFORM,,"BLACKBEARD OPERATING, LLC",
4210336893,8,2021-10-08,2021-10-14,2023-10-14,TX,CRANE (TX),BLACKBEARD OPERATING,WADDELL TR A,3564,"CLEAR FORK,SAN ANGELO, UPPER,TUBB,WOLFCAMP",9000,9000,NewDrill,OIL & GAS,V,DUC,Active,SAND HILLS,"BLACKBEARD OPERATING, LLC",,REGULATORY BLACKBEARD,4322420050,"1751 RIVER RUN
SUITE 405",FORT WORTH,TX,76107,,18,Dallas,,,B26,"PSL/WADDELL, W N & CO",,1265,19352615,true,31.5306548,-102.6458196,PERMIAN BASIN,31.5306548,-102.6458196,,ft,873516,CENTRAL BASIN PLATFORM,CENTRAL BASIN PLATFORM,,"BLACKBEARD OPERATING, LLC",
4210336891,8,2021-10-06,2021-10-13,2023-10-13,TX,CRANE (TX),BLACKBEARD OPERATING,WADDELL TR A,4006H,MCKNIGHT,9000,,NewDrill,OIL & GAS,H,DRILLED,Active,SAND HILLS,"BLACKBEARD OPERATING, LLC",,REGULATORY BLACKBEARD,4322420050,"1751 RIVER RUN
SUITE 405",FORT WORTH,TX,76107,,18,Dallas,,,B21,"PSL/WADDELL, W N & CO",,1254,19352613,true,31.5049528,-102.6773537,PERMIAN BASIN,31.4833007,-102.6721202,,ft,873453,CENTRAL BASIN PLATFORM,CENTRAL BASIN PLATFORM,,"BLACKBEARD OPERATING, LLC",
4210336892,8,2021-10-06,2021-10-13,2023-10-13,TX,CRANE (TX),BLACKBEARD OPERATING,WADDELL TR A,4500H,TUBB,9000,,NewDrill,OIL & GAS,H,PERMITTED,Active,SAND HILLS,"BLACKBEARD OPERATING, LLC",,REGULATORY BLACKBEARD,4322420050,"1751 RIVER RUN
SUITE 405",FORT WORTH,TX,76107,,20,Dallas,,,B21,"PSL/WADDELL, W N & CO",,1256,19352614,true,31.5073334,-102.6414418,PERMIAN BASIN,31.4908311,-102.6393751,,ft,873454,CENTRAL BASIN PLATFORM,CENTRAL BASIN PLATFORM,,"BLACKBEARD OPERATING, LLC",
4210336894,8,2021-10-08,2021-10-13,2023-10-13,TX,CRANE (TX),BLACKBEARD OPERATING,WADDELL TR A,3114,"CLEAR FORK,SAN ANGELO, UPPER,TUBB,WOLFCAMP",9000,9000,NewDrill,OIL & GAS,V,PERMITTED,Active,SAND HILLS,"BLACKBEARD OPERATING, LLC",,REGULATORY BLACKBEARD,4322420050,"1751 RIVER RUN
SUITE 405",FORT WORTH,TX,76107,,19,Dallas,,,B21,"PSL/WADDELL, W N & CO",,1255,19352616,true,31.5075000,-102.6587699,PERMIAN BASIN,31.5075000,-102.6587699,,ft,873518,CENTRAL BASIN PLATFORM,CENTRAL BASIN PLATFORM,,"BLACKBEARD OPERATING, LLC",
4210336888,8,2021-09-29,2021-10-06,2023-10-06,TX,CRANE (TX),BLACKBEARD OPERATING,WADDELL TR A,3585,"CLEAR FORK,SAN ANGELO, UPPER,TUBB,WOLFCAMP",9000,9000,NewDrill,OIL & GAS,V,PERMITTED,Active,SAND HILLS,"BLACKBEARD OPERATING, LLC",,REGULATORY BLACKBEARD,4322420050,"1751 RIVER RUN
SUITE 405",FORT WORTH,TX,76107,,18,Dallas,,,B26,"PSL/WADDELL, W N & CO",,1265,19352303,true,31.5224746,-102.6353694,PERMIAN BASIN,31.5224746,-102.6353694,,ft,873223,CENTRAL BASIN PLATFORM,CENTRAL BASIN PLATFORM,,"BLACKBEARD OPERATING, LLC",
4210336885,8,2021-09-28,2021-10-04,2023-10-04,TX,CRANE (TX),BLACKBEARD OPERATING,BUCCANEER,10,"CLEAR FORK,TUBB",9000,9000,NewDrill,OIL,V,DUC,Active,SAND HILLS,"BLACKBEARD OPERATING, LLC",,ANDREW STAMPS,7135025033,"1751 RIVER RUN
SUITE 405",FORT WORTH,TX,76107,,5,Dallas,,,B21,"PSL / THOMASON, MRS R",,312,19352301,true,31.5405730,-102.7225961,PERMIAN BASIN,31.5405730,-102.7225961,,ft,873169,CENTRAL BASIN PLATFORM,CENTRAL BASIN PLATFORM,,"BLACKBEARD OPERATING, LLC",
4210336882,8,2021-09-23,2021-10-01,2023-10-01,TX,CRANE (TX),BLACKBEARD OPERATING,YELLOW JACK NWSW,12,"CLEAR FORK,TUBB",9000,9000,NewDrill,OIL,V,DUC,Active,SAND HILLS,"BLACKBEARD OPERATING, LLC",,ANDREW STAMPS,7135025033,"1751 RIVER RUN
SUITE 405",FORT WORTH,TX,76107,,8,Dallas,,,B21,"PSL / MC KNIGHT, M B",,1113,19352193,true,31.5289658,-102.6947790,PERMIAN BASIN,31.5289658,-102.6947790,,ft,873067,CENTRAL BASIN PLATFORM,CENTRAL BASIN PLATFORM,,"BLACKBEARD OPERATING, LLC",
4210336886,8,2021-09-28,2021-10-01,2023-10-01,TX,CRANE (TX),BLACKBEARD OPERATING,WADDELL TR A,3075,"CLEAR FORK,SAN ANGELO, UPPER,TUBB,WOLFCAMP",9000,9000,NewDrill,OIL & GAS,V,PERMITTED,Active,SAND HILLS,"BLACKBEARD OPERATING, LLC",,REGULATORY BLACKBEARD,4322420050,"1751 RIVER RUN
SUITE 405",FORT WORTH,TX,76107,,18,Dallas,,,B26,"PSL/WADDELL, W N & CO",,1265,19352328,true,31.5340936,-102.6357306,PERMIAN BASIN,31.5340936,-102.6357306,,ft,873170,CENTRAL BASIN PLATFORM,CENTRAL BASIN PLATFORM,,"BLACKBEARD OPERATING, LLC",
4210336867,8,2021-08-26,2021-09-30,2023-09-30,TX,CRANE (TX),BLACKBEARD OPERATING,WADDELL TR A,3147,"CLEAR FORK,SAN ANGELO, UPPER,TUBB,WOLFCAMP",9000,9000,NewDrill,OIL & GAS,V,PERMITTED,Active,SAND HILLS,"BLACKBEARD OPERATING, LLC",,SHANNON BURK,4322420050,"1751 RIVER RUN
SUITE 405",FORT WORTH,TX,76107,,19,Dallas,,,B26,"PSL/WADDELL, W N & CO",,1266,19350562,true,31.5110278,-102.6300193,PERMIAN BASIN,31.5110278,-102.6300193,,ft,872292,CENTRAL BASIN PLATFORM,CENTRAL BASIN PLATFORM,,"BLACKBEARD OPERATING, LLC",
4210336872,8,2021-09-16,2021-09-27,2023-09-27,TX,CRANE (TX),BLACKBEARD OPERATING,WADDELL TR A,3129,"CLEAR FORK,SAN ANGELO, UPPER,TUBB,WOLFCAMP",9000,9000,NewDrill,OIL & GAS,V,PERMITTED,Active,SAND HILLS,"BLACKBEARD OPERATING, LLC",,REGULATORY BLACKBEARD,4322420050,"1751 RIVER RUN
SUITE 405",FORT WORTH,TX,76107,,19,Dallas,,,B26,"PSL/WADDELL, W N & CO",,1266,19351774,true,31.5132115,-102.6401176,PERMIAN BASIN,31.5132115,-102.6401176,,ft,872872,CENTRAL BASIN PLATFORM,CENTRAL BASIN PLATFORM,,"BLACKBEARD OPERATING, LLC",
4210336871,8,2021-09-16,2021-09-21,2023-09-21,TX,CRANE (TX),BLACKBEARD OPERATING,WADDELL TR A,3573,"CLEAR FORK,SAN ANGELO, UPPER,TUBB",9000,9000,NewDrill,OIL & GAS,V,DUC,Active,SAND HILLS,"BLACKBEARD OPERATING, LLC",,REGULATORY BLACKBEARD,4322420050,"1751 RIVER RUN
SUITE 405",FORT WORTH,TX,76107,,18,Dallas,,,B26,"PSL/WADDELL, W N & CO",,1265,19351780,true,31.5344464,-102.6423945,PERMIAN BASIN,31.5344464,-102.6423945,,ft,872866,CENTRAL BASIN PLATFORM,CENTRAL BASIN PLATFORM,,"BLACKBEARD OPERATING, LLC",
4210336876,8,2021-09-20,2021-09-21,2023-09-21,TX,CRANE (TX),BLACKBEARD OPERATING,WADDELL TR A,3078,"CLEAR FORK,SAN ANGELO, UPPER,TUBB,WOLFCAMP",9000,9000,NewDrill,OIL & GAS,V,DUC,Active,SAND HILLS,"BLACKBEARD OPERATING, LLC",,REGULATORY BLACKBEARD,4322420050,"1751 RIVER RUN
SUITE 405",FORT WORTH,TX,76107,,18,Dallas,,,B26,"PSL/WADDELL, W N & CO",,1265,19351784,true,31.5302910,-102.6324999,PERMIAN BASIN,31.5302910,-102.6324999,,ft,872925,CENTRAL BASIN PLATFORM,CENTRAL BASIN PLATFORM,,"BLACKBEARD OPERATING, LLC",
4210336874,8,2021-09-16,2021-09-21,2023-09-21,TX,CRANE (TX),BLACKBEARD OPERATING,WADDELL TR A,3123,"CLEAR FORK,SAN ANGELO, UPPER,TUBB,WOLFCAMP",9000,9000,NewDrill,OIL & GAS,V,PERMITTED,Active,SAND HILLS,"BLACKBEARD OPERATING, LLC",,REGULATORY BLACKBEARD,4322420050,"1751 RIVER RUN
SUITE 405",FORT WORTH,TX,76107,,20,Dallas,,,B21,"PSL/WADDELL, W N & CO",,1256,19351782,true,31.5123803,-102.6558560,PERMIAN BASIN,31.5123803,-102.6558560,,ft,872875,CENTRAL BASIN PLATFORM,CENTRAL BASIN PLATFORM,,"BLACKBEARD OPERATING, LLC",
4210336875,8,2021-09-20,2021-09-21,2023-09-21,TX,CRANE (TX),BLACKBEARD OPERATING,WADDELL TR A,3118,"CLEAR FORK,SAN ANGELO, UPPER,TUBB,WOLFCAMP",9000,9000,NewDrill,OIL & GAS,V,DUC,Active,SAND HILLS,"BLACKBEARD OPERATING, LLC",,REGULATORY BLACKBEARD,4322420050,"1751 RIVER RUN
SUITE 405",FORT WORTH,TX,76107,,19,Dallas,,,B21,"PSL/WADDELL, W N & CO",,1255,19351783,true,31.5037056,-102.6564393,PERMIAN BASIN,31.5037056,-102.6564393,,ft,872920,CENTRAL BASIN PLATFORM,CENTRAL BASIN PLATFORM,,"BLACKBEARD OPERATING, LLC",
4210336873,8,2021-09-16,2021-09-21,2023-09-21,TX,CRANE (TX),BLACKBEARD OPERATING,WADDELL TR A,3152,"CLEAR FORK,SAN ANGELO, UPPER,TUBB,WOLFCAMP",9000,9000,NewDrill,OIL & GAS,V,DUC,Active,SAND HILLS,"BLACKBEARD OPERATING, LLC",,REGULATORY BLACKBEARD,4322420050,"1751 RIVER RUN
SUITE 405",FORT WORTH,TX,76107,,19,Dallas,,,B26,"PSL/WADDELL, W N & CO",,1266,19351781,true,31.5090223,-102.6266804,PERMIAN BASIN,31.5090223,-102.6266804,,ft,872874,CENTRAL BASIN PLATFORM,CENTRAL BASIN PLATFORM,,"BLACKBEARD OPERATING, LLC",
4210336856,8,2021-08-12,2021-09-16,2023-09-16,TX,CRANE (TX),BLACKBEARD OPERATING,WADDELL TR A,3065,"CLEAR FORK,SAN ANGELO, UPPER,TUBB,WOLFCAMP",9000,9000,NewDrill,OIL & GAS,V,DUC,Active,SAND HILLS,"BLACKBEARD OPERATING, LLC",,SHANNON BURK,4322420050,"1751 RIVER RUN
SUITE 405",FORT WORTH,TX,76107,,11,Dallas,,,B21,"PSL/WADDELL, W N & CO",,1243,19349946,true,31.5220550,-102.6560282,PERMIAN BASIN,31.5220550,-102.6560282,,ft,871957,CENTRAL BASIN PLATFORM,CENTRAL BASIN PLATFORM,,"BLACKBEARD OPERATING, LLC",
4210336865,8,2021-08-18,2021-09-16,2023-09-16,TX,CRANE (TX),BLACKBEARD OPERATING,WADDELL TR A,3580,"CLEAR FORK,SAN ANGELO, UPPER,TUBB,WOLFCAMP",9000,9000,NewDrill,OIL & GAS,V,PERMITTED,Active,SAND HILLS,"BLACKBEARD OPERATING, LLC",,SHANNON BURK,4322420050,"1751 RIVER RUN
SUITE 405",FORT WORTH,TX,76107,,18,Dallas,,,B26,"PSL/WADDELL, W N & CO",,1265,19350268,true,31.5284744,-102.6400390,PERMIAN BASIN,31.5284744,-102.6400390,,ft,872090,CENTRAL BASIN PLATFORM,CENTRAL BASIN PLATFORM,,"BLACKBEARD OPERATING, LLC",
4210336870,8,2021-09-08,2021-09-09,2023-09-09,TX,CRANE (TX),BLACKBEARD OPERATING,WILLIAM LARUE WELLER,3,"CLEAR FORK,TUBB",9000,9000,NewDrill,OIL,V,PERMITTED,Active,"ARMER,SAND HILLS","BLACKBEARD OPERATING, LLC",,ANDREW STAMPS,7135025033,"1751 RIVER RUN
SUITE 405",FORT WORTH,TX,76107,,27,Dallas,,,B17,"PSL / JACKSON, L E",,251,19351135,true,31.5568203,-102.7255996,PERMIAN BASIN,31.5568203,-102.7255996,,ft,872620,CENTRAL BASIN PLATFORM,CENTRAL BASIN PLATFORM,,"BLACKBEARD OPERATING, LLC",
4210336868,8,2021-09-03,2021-09-08,2023-09-08,TX,CRANE (TX),BLACKBEARD OPERATING,WADDELL TR A,3017,"CLEAR FORK,SAN ANGELO, UPPER,TUBB,WOLFCAMP",9000,9000,NewDrill,OIL & GAS,V,DUC,Active,SAND HILLS,"BLACKBEARD OPERATING, LLC",,REGULATORY BLACKBEARD,4322420050,"1751 RIVER RUN
SUITE 405",FORT WORTH,TX,76107,,14,Dallas,,,B21,"PSL / WADDELL, W N & CO",,1246,19351044,true,31.5159479,-102.7058854,PERMIAN BASIN,31.5159479,-102.7058854,,ft,872565,CENTRAL BASIN PLATFORM,CENTRAL BASIN PLATFORM,,"BLACKBEARD OPERATING, LLC",
4210336846,8,2021-08-05,2021-09-02,2023-09-02,TX,CRANE (TX),BLACKBEARD OPERATING,WADDELL TR A,3176,"CLEAR FORK,SAN ANGELO, UPPER,TUBB,WOLFCAMP",9000,9000,NewDrill,OIL & GAS,V,PERMITTED,Active,SAND HILLS,"BLACKBEARD OPERATING, LLC",,SHANNON BURK,4322420050,"1751 RIVER RUN
SUITE 405",FORT WORTH,TX,76107,,29,Dallas,,,B26,"PSL / WADDELL, W N & CO",,1272,19349418,true,31.5098486,-102.6054584,PERMIAN BASIN,31.5098486,-102.6054584,,ft,871780,CENTRAL BASIN PLATFORM,CENTRAL BASIN PLATFORM,,"BLACKBEARD OPERATING, LLC",
4210336866,8,2021-08-24,2021-08-27,2023-08-27,TX,CRANE (TX),BLACKBEARD OPERATING,WADDELL TR I,3714,DEV.,9000,9000,NewDrill,OIL,V,PERMITTED,Active,"CORDONA LAKE, WEST","BLACKBEARD OPERATING, LLC",,JENNIFER KENNEDY,4324240050,"1751 RIVER RUN
SUITE 405",FORT WORTH,TX,76107,,3,Dallas,,,3,H&TC RR CO,,139,19350572,,31.3412801,-102.5979858,PERMIAN BASIN,31.3412801,-102.5979858,,ft,872254,CENTRAL BASIN PLATFORM,CENTRAL BASIN PLATFORM,,"BLACKBEARD OPERATING, LLC",
4210336837,8,2021-07-19,2021-08-27,2023-08-27,TX,CRANE (TX),BLACKBEARD OPERATING,WADDELL TR A,3067,"CLEAR FORK,SAN ANGELO, UPPER,TUBB,WOLFCAMP",9000,9000,NewDrill,OIL & GAS,V,PERMITTED,Active,SAND HILLS,"BLACKBEARD OPERATING, LLC",,SHANNON BURK,4322420050,"1751 RIVER RUN
SUITE 405",FORT WORTH,TX,76107,,11,Dallas,,,B21,"PSL / WADDELL, W N & CO",,1243,19348386,true,31.5254439,-102.6443641,PERMIAN BASIN,31.5254439,-102.6443641,,ft,871336,CENTRAL BASIN PLATFORM,CENTRAL BASIN PLATFORM,,"BLACKBEARD OPERATING, LLC",
4210336855,8,2021-08-11,2021-08-24,2023-08-24,TX,CRANE (TX),BLACKBEARD OPERATING,WADDELL TR A,3135,"CLEAR FORK,SAN ANGELO, UPPER,TUBB,WOLFCAMP",9000,9000,NewDrill,OIL & GAS,V,DUC,Active,SAND HILLS,"BLACKBEARD OPERATING, LLC",,SHANNON BURK,4322420050,"1751 RIVER RUN
SUITE 405",FORT WORTH,TX,76107,,20,Dallas,,,B21,"PSL/WADDELL, W N & CO",,1256,19349945,true,31.5042696,-102.6465724,PERMIAN BASIN,31.5042696,-102.6465724,,ft,871908,CENTRAL BASIN PLATFORM,CENTRAL BASIN PLATFORM,,"BLACKBEARD OPERATING, LLC",
4210336864,8,2021-08-18,2021-08-24,2023-08-24,TX,CRANE (TX),BLACKBEARD OPERATING,WADDELL TR A,3070,"CLEAR FORK,SAN ANGELO, UPPER,TUBB,WOLFCAMP",9000,9000,NewDrill,OIL & GAS,V,DUC,Active,SAND HILLS,"BLACKBEARD OPERATING, LLC",,SHANNON BURK,4322420050,"1751 RIVER RUN
SUITE 405",FORT WORTH,TX,76107,,11,Dallas,,,B21,"PSL/WADDELL, W N & CO",,1243,19350267,true,31.5194802,-102.6544698,PERMIAN BASIN,31.5194802,-102.6544698,,ft,872088,CENTRAL BASIN PLATFORM,CENTRAL BASIN PLATFORM,,"BLACKBEARD OPERATING, LLC",
4210336853,8,2021-08-16,2021-08-19,2023-08-19,TX,CRANE (TX),BLACKBEARD OPERATING,STEDE BONNET N,10,"CLEAR FORK,TUBB",9000,9000,NewDrill,OIL,V,DUC,Active,"ARMER,SAND HILLS","BLACKBEARD OPERATING, LLC",,ANDREW STAMPS,7135025033,"1751 RIVER RUN
SUITE 405",FORT WORTH,TX,76107,,10,Dallas,,,B21,"PSL / MC KNIGHT, M B",,1114,19349950,true,31.5416869,-102.6528760,PERMIAN BASIN,31.5416869,-102.6528760,,ft,871994,CENTRAL BASIN PLATFORM,CENTRAL BASIN PLATFORM,,"BLACKBEARD OPERATING, LLC",
4210336852,8,2021-08-11,2021-08-19,2023-08-19,TX,CRANE (TX),BLACKBEARD OPERATING,WADDELL TR A,3026,"CLEAR FORK,SAN ANGELO, UPPER,TUBB,WOLFCAMP",9000,9000,NewDrill,OIL & GAS,V,PERMITTED,Active,SAND HILLS,"BLACKBEARD OPERATING, LLC",2021-09-02,SHANNON BURK,4322420050,"1751 RIVER RUN
SUITE 405",FORT WORTH,TX,76107,,17,Dallas,,,B21,"PSL/WADDELL, W N & CO",,1253,19349751,true,31.5018694,-102.7055154,PERMIAN BASIN,31.5018694,-102.7055154,,ft,871902,CENTRAL BASIN PLATFORM,CENTRAL BASIN PLATFORM,,"BLACKBEARD OPERATING, LLC",
4210336854,8,2021-08-11,2021-08-19,2023-08-19,TX,CRANE (TX),BLACKBEARD OPERATING,WADDELL TR A,3402,"CLEAR FORK,SAN ANGELO, UPPER,TUBB,WOLFCAMP",9000,9000,NewDrill,OIL & GAS,V,PERMITTED,Active,SAND HILLS,"BLACKBEARD OPERATING, LLC",,SHANNON BURK,4322420050,"1751 RIVER RUN
SUITE 405",FORT WORTH,TX,76107,,22,Dallas,,,B21,"PSL/WADDELL, W N & CO",,1258,19349951,true,31.4968503,-102.6616923,PERMIAN BASIN,31.4968503,-102.6616923,,ft,871907,CENTRAL BASIN PLATFORM,CENTRAL BASIN PLATFORM,,"BLACKBEARD OPERATING, LLC",
4210336838,8,2021-07-19,2021-08-17,2023-08-17,TX,CRANE (TX),BLACKBEARD OPERATING,WADDELL TR A,3182,"CLEAR FORK,SAN ANGELO, UPPER,TUBB,WOLFCAMP",9000,9000,NewDrill,OIL & GAS,V,PERMITTED,Active,SAND HILLS,"BLACKBEARD OPERATING, LLC",,SHANNON BURK,4322420050,"1751 RIVER RUN
SUITE 405",FORT WORTH,TX,76107,,29,Dallas,,,B26,"PSL/WADDELL, W N & CO",,1272,19348402,true,31.5008615,-102.6117162,PERMIAN BASIN,31.5008615,-102.6117162,,ft,871369,CENTRAL BASIN PLATFORM,CENTRAL BASIN PLATFORM,,"BLACKBEARD OPERATING, LLC",
4210336850,8,2021-08-09,2021-08-17,2023-08-17,TX,CRANE (TX),BLACKBEARD OPERATING,LANDLUBBER,47,"CLEAR FORK,TUBB",9000,9000,NewDrill,OIL,V,COMPLETED,Active,SAND HILLS,"BLACKBEARD OPERATING, LLC",,ANDREW STAMPS,7135025033,"1751 RIVER RUN
SUITE 405",FORT WORTH,TX,76107,,26,Dallas,,,B17,"O`NEAL, M C / MC KNIGHT, M B",,1107,19349562,true,31.5540288,-102.7094098,PERMIAN BASIN,31.5540288,-102.7094098,,ft,871823,CENTRAL BASIN PLATFORM,CENTRAL BASIN PLATFORM,,"BLACKBEARD OPERATING, LLC",
4210336851,8,2021-08-09,2021-08-10,2023-08-10,TX,CRANE (TX),BLACKBEARD OPERATING,WADDELL TR A,3261,"CLEAR FORK,SAN ANGELO, UPPER,TUBB,WOLFCAMP",9000,9000,NewDrill,OIL & GAS,V,DUC,Active,SAND HILLS,"BLACKBEARD OPERATING, LLC",,SHANNON BURK,4322420050,"1751 RIVER RUN
SUITE 405",FORT WORTH,TX,76107,,23,Dallas,,,B21,"PSL/WADDELL, W N & CO",,1205,19349563,true,31.4871645,-102.6767120,PERMIAN BASIN,31.4871645,-102.6767120,,ft,871836,CENTRAL BASIN PLATFORM,CENTRAL BASIN PLATFORM,,"BLACKBEARD OPERATING, LLC",
4210336849,8,2021-08-06,2021-08-06,2023-08-06,TX,CRANE (TX),BLACKBEARD OPERATING,WADDELL TR A,3400,"CLEAR FORK,SAN ANGELO, UPPER,TUBB,WOLFCAMP",9000,9000,NewDrill,OIL & GAS,V,PERMITTED,Active,SAND HILLS,"BLACKBEARD OPERATING, LLC",,SHANNON BURK,4322420050,"1751 RIVER RUN
SUITE 405",FORT WORTH,TX,76107,,21,Dallas,,,B21,"PSL / WADDELL, W N & CO",,1257,19349405,true,31.5007938,-102.6453402,PERMIAN BASIN,31.5007938,-102.6453402,,ft,871811,CENTRAL BASIN PLATFORM,CENTRAL BASIN PLATFORM,,"BLACKBEARD OPERATING, LLC",
4210336845,8,2021-08-05,2021-08-06,2023-08-06,TX,CRANE (TX),BLACKBEARD OPERATING,WADDELL TR A,3155,"CLEAR FORK,SAN ANGELO, UPPER,TUBB,WOLFCAMP",9000,9000,NewDrill,OIL & GAS,V,COMPLETED,Active,SAND HILLS,"BLACKBEARD OPERATING, LLC",,SHANNON BURK,4322420050,"1751 RIVER RUN
SUITE 405",FORT WORTH,TX,76107,,20,Dallas,,,B26,"PSL / WADDELL, W N & CO",,1267,19349404,true,31.5225857,-102.6235053,PERMIAN BASIN,31.5225857,-102.6235053,,ft,871771,CENTRAL BASIN PLATFORM,CENTRAL BASIN PLATFORM,,"BLACKBEARD OPERATING, LLC",
4210336848,8,2021-08-06,2021-09-02,2023-09-02,TX,CRANE (TX),BLACKBEARD OPERATING,WADDELL TR A,3057,"CLEAR FORK,SAN ANGELO, UPPER,TUBB,WOLFCAMP",9000,9000,NewDrill,OIL & GAS,V,DUC,Active,SAND HILLS,"BLACKBEARD OPERATING, LLC",,SHANNON BURK,4322420050,"1751 RIVER RUN
SUITE 405",FORT WORTH,TX,76107,,12,Dallas,,,B21,"PSL / WADDELL, W N & CO",,1244,19349411,true,31.5204723,-102.6611231,PERMIAN BASIN,31.5204723,-102.6611231,,ft,871810,CENTRAL BASIN PLATFORM,CENTRAL BASIN PLATFORM,,"BLACKBEARD OPERATING, LLC",
4210336847,8,2021-08-06,2021-09-02,2023-09-02,TX,CRANE (TX),BLACKBEARD OPERATING,WADDELL TR A,3170,"CLEAR FORK,SAN ANGELO, UPPER,TUBB,WOLFCAMP",9000,9000,NewDrill,OIL & GAS,V,PERMITTED,Active,SAND HILLS,"BLACKBEARD OPERATING, LLC",,SHANNON BURK,4322420050,"1751 RIVER RUN
SUITE 405",FORT WORTH,TX,76107,,29,Dallas,,,B26,"PSL / WADDELL, W N & CO",,1272,19349424,true,31.5103318,-102.6150863,PERMIAN BASIN,31.5103318,-102.6150863,,ft,871788,CENTRAL BASIN PLATFORM,CENTRAL BASIN PLATFORM,,"BLACKBEARD OPERATING, LLC",
4210336844,8,2021-08-05,2021-08-05,2023-08-05,TX,CRANE (TX),BLACKBEARD OPERATING,WADDELL TR 1,3808,"DEVONIAN,FUSSELMAN,SILURIAN,WICHITA-ALBANY,WOLFCAMP",10000,10000,NewDrill,OIL,V,DUC,Active,"DUNE,RUNNING W,UNIVERSITY WADDELL,WADDELL","BLACKBEARD OPERATING, LLC",2021-09-07,VALERIE MOSS,4322420050,"1751 RIVER RUN
SUITE 405",FORT WORTH,TX,76107,,14,Dallas,,,B23,"PSL/WADDELL, W N",,1159,19349410,true,31.6078752,-102.4881998,PERMIAN BASIN,31.6078752,-102.4881998,,ft,871732,CENTRAL BASIN PLATFORM,CENTRAL BASIN PLATFORM,,"BLACKBEARD OPERATING, LLC",
4210336832,8,2021-07-01,2021-08-04,2023-08-04,TX,CRANE (TX),BLACKBEARD OPERATING,WADDELL TR A,3175,"CLEAR FORK,SAN ANGELO, UPPER,TUBB,WOLFCAMP",9000,9000,NewDrill,OIL & GAS,V,PERMITTED,Active,SAND HILLS,"BLACKBEARD OPERATING, LLC",,SHANNON BURK,4322420050,"1751 RIVER RUN
SUITE 405",FORT WORTH,TX,76107,,29,Dallas,,,B26,"PSL / WADDELL, W N & CO",,1272,19347572,true,31.5082002,-102.6094161,PERMIAN BASIN,31.5082002,-102.6094161,,ft,870928,CENTRAL BASIN PLATFORM,CENTRAL BASIN PLATFORM,,"BLACKBEARD OPERATING, LLC",
4210336843,8,2021-07-30,2021-08-02,2023-08-02,TX,CRANE (TX),BLACKBEARD OPERATING,WADDELL TR A,3257,"CLEAR FORK,SAN ANGELO, UPPER,TUBB,WOLFCAMP",9000,9000,NewDrill,OIL & GAS,V,PERMITTED,Active,SAND HILLS,"BLACKBEARD OPERATING, LLC",,SHANNON BURK,4322420050,"1751 RIVER RUN
SUITE 405",FORT WORTH,TX,76107,,4,Dallas,,,B27,"PSL/WADDELL, W N & CO",,1274,19349210,true,31.4722510,-102.6912041,PERMIAN BASIN,31.4722510,-102.6912041,,ft,871607,CENTRAL BASIN PLATFORM,CENTRAL BASIN PLATFORM,,"BLACKBEARD OPERATING, LLC",
4210336840,8,2021-07-21,2021-07-26,2023-07-26,TX,CRANE (TX),BLACKBEARD OPERATING,WADDELL TR A,3086,"CLEAR FORK,SAN ANGELO, UPPER,TUBB,WOLFCAMP",9000,9000,NewDrill,OIL & GAS,V,DUC,Active,SAND HILLS,"BLACKBEARD OPERATING, LLC",,SHANNON BURK,4322420050,"1751 RIVER RUN
SUITE 405",FORT WORTH,TX,76107,,19,Dallas,,,B26,"PSL/WADDELL, W N & CO",,1266,19348670,true,31.5224496,-102.6299499,PERMIAN BASIN,31.5224496,-102.6299499,,ft,871426,CENTRAL BASIN PLATFORM,CENTRAL BASIN PLATFORM,,"BLACKBEARD OPERATING, LLC",
4210336825,8,2021-06-21,2021-07-21,2023-07-21,TX,CRANE (TX),BLACKBEARD OPERATING,WADDELL TR A,3082,"CLEAR FORK,SAN ANGELO, UPPER,TUBB,WOLFCAMP",9000,9000,NewDrill,OIL & GAS,V,DUC,Active,SAND HILLS,"BLACKBEARD OPERATING, LLC",,SHANNON BURK,4322420050,"1751 RIVER RUN
SUITE 405",FORT WORTH,TX,76107,,18,Dallas,,,B26,"PSL/WADDELL, W N & CO",,1265,19346933,true,31.5263523,-102.6329693,PERMIAN BASIN,31.5263523,-102.6329693,,ft,870674,CENTRAL BASIN PLATFORM,CENTRAL BASIN PLATFORM,,"BLACKBEARD OPERATING, LLC",
4210336834,8,2021-07-08,2021-07-19,2023-07-19,TX,CRANE (TX),BLACKBEARD OPERATING,WADDELL TR A,3166,"CLEAR FORK,SAN ANGELO, UPPER,TUBB,WOLFCAMP",9000,9000,NewDrill,OIL & GAS,V,DUC,Active,SAND HILLS,"BLACKBEARD OPERATING, LLC",,SHANNON BURK,4322420050,"1751 RIVER RUN
SUITE 405",FORT WORTH,TX,76107,,20,Dallas,,,B26,"PSL / WADDELL, W N & CO",,1267,19347856,true,31.5124416,-102.6188218,PERMIAN BASIN,31.5124416,-102.6188218,,ft,871042,CENTRAL BASIN PLATFORM,CENTRAL BASIN PLATFORM,,"BLACKBEARD OPERATING, LLC",
4210336833,8,2021-07-07,2021-07-09,2023-07-09,TX,CRANE (TX),BLACKBEARD OPERATING,WADDELL TR A,3104,"CLEAR FORK,SAN ANGELO, UPPER,TUBB,WOLFCAMP",9000,9000,NewDrill,OIL & GAS,V,PERMITTED,Active,SAND HILLS,"BLACKBEARD OPERATING, LLC",,SHANNON BURK,4322420050,"1751 RIVER RUN
SUITE 405",FORT WORTH,TX,76107,,19,Dallas,,,B21,"PSL / WADDELL, W N & CO",,1255,19347864,true,31.5119170,-102.6738600,PERMIAN BASIN,31.5119170,-102.6738600,,ft,871008,CENTRAL BASIN PLATFORM,CENTRAL BASIN PLATFORM,,"BLACKBEARD OPERATING, LLC",
4210336831,8,2021-07-01,2021-07-08,2023-07-08,TX,CRANE (TX),BLACKBEARD OPERATING,WADDELL TR A,3087,"CLEAR FORK,SAN ANGELO, UPPER,TUBB,WOLFCAMP",9000,9000,NewDrill,OIL & GAS,V,PERMITTED,Active,SAND HILLS,"BLACKBEARD OPERATING, LLC",,SHANNON BURK,4322420050,"1751 RIVER RUN
SUITE 405",FORT WORTH,TX,76107,,19,Dallas,,,B26,"PSL / WADDELL, W N & CO",,1266,19347594,true,31.5237274,-102.6265942,PERMIAN BASIN,31.5237274,-102.6265942,,ft,870925,CENTRAL BASIN PLATFORM,CENTRAL BASIN PLATFORM,,"BLACKBEARD OPERATING, LLC",
4210336829,8,2021-06-29,2021-07-06,2023-07-06,TX,CRANE (TX),BLACKBEARD OPERATING,WADDELL TR A,3539,"CLEAR FORK,SAN ANGELO, UPPER,TUBB,WOLFCAMP",9000,9000,NewDrill,OIL & GAS,V,PERMITTED,Active,SAND HILLS,"BLACKBEARD OPERATING, LLC",,SHANNON BURK,4322420050,"1751 RIVER RUN
SUITE 405",FORT WORTH,TX,76107,,19,Dallas,,,B26,"PSL/WADDELL, W N & CO",,1266,19347439,true,31.5188469,-102.6331666,PERMIAN BASIN,31.5188469,-102.6331666,,ft,870855,CENTRAL BASIN PLATFORM,CENTRAL BASIN PLATFORM,,"BLACKBEARD OPERATING, LLC",
4210336830,8,2021-06-30,2021-07-01,2023-07-01,TX,CRANE (TX),BLACKBEARD OPERATING,WADDELL TR A,3013,"CLEAR FORK,SAN ANGELO, UPPER,TUBB,WOLFCAMP",9000,9000,NewDrill,OIL & GAS,V,DRILLING,Active,SAND HILLS,"BLACKBEARD OPERATING, LLC",,SHANNON BURK,4322420050,"1751 RIVER RUN
SUITE 405",FORT WORTH,TX,76107,,14,Dallas,,,B21,"PSL/WADDELL, W N & CO",,1246,19347440,true,31.5191633,-102.7066209,PERMIAN BASIN,31.5191633,-102.7066209,,ft,870893,CENTRAL BASIN PLATFORM,CENTRAL BASIN PLATFORM,,"BLACKBEARD OPERATING, LLC",
4210336827,8,2021-06-21,2021-06-28,2023-06-28,TX,CRANE (TX),BLACKBEARD OPERATING,STEDE BONNET NW,14,"CLEAR FORK,TUBB",9000,9000,NewDrill,OIL,V,ACTIVE,Active,"ARMER,SAND HILLS","BLACKBEARD OPERATING, LLC",,ANDREW STAMPS,7135025033,"1751 RIVER RUN
SUITE 405",FORT WORTH,TX,76107,,10,Dallas,,,B21,"PSL / MC KNIGHT, M B",,1114,19346914,true,31.5399183,-102.6604311,PERMIAN BASIN,31.5399183,-102.6604311,,ft,870683,CENTRAL BASIN PLATFORM,CENTRAL BASIN PLATFORM,,"BLACKBEARD OPERATING, LLC",
4210336826,8,2021-06-21,2021-06-25,2023-06-25,TX,CRANE (TX),BLACKBEARD OPERATING,WADDELL TR A,3143,"CLEAR FORK,SAN ANGELO, UPPER,TUBB,WOLFCAMP",9000,9000,NewDrill,OIL & GAS,V,DUC,Active,SAND HILLS,"BLACKBEARD OPERATING, LLC",,SHANNON BURK,4322420050,"1751 RIVER RUN
SUITE 405",FORT WORTH,TX,76107,,19,Dallas,,,B26,"PSL/WADDELL, W N & CO",,1266,19346897,true,31.5153638,-102.6325277,PERMIAN BASIN,31.5153638,-102.6325277,,ft,870684,CENTRAL BASIN PLATFORM,CENTRAL BASIN PLATFORM,,"BLACKBEARD OPERATING, LLC",
4210336828,8,2021-06-21,2021-06-25,2023-06-25,TX,CRANE (TX),BLACKBEARD OPERATING,BUCCANEER,9,"CLEAR FORK,TUBB",9000,9000,NewDrill,OIL,V,PERMITTED,Active,SAND HILLS,"BLACKBEARD OPERATING, LLC",2021-09-10,ANDREW STAMPS,7135025033,"1751 RIVER RUN
SUITE 405",FORT WORTH,TX,76107,,5,Dallas,,,B21,"PSL / THOMASON, MRS R",,312,19346879,true,31.5443124,-102.7226984,PERMIAN BASIN,31.5443124,-102.7226984,,ft,870687,CENTRAL BASIN PLATFORM,CENTRAL BASIN PLATFORM,,"BLACKBEARD OPERATING, LLC",
4210336823,8,2021-06-15,2021-06-21,2023-06-21,TX,CRANE (TX),BLACKBEARD OPERATING,WILLIAM LARUE WELLER,2,"CLEAR FORK,TUBB",9000,9000,NewDrill,OIL,V,DUC,Active,"ARMER,SAND HILLS","BLACKBEARD OPERATING, LLC",,ANDREW STAMPS,7135025033,"1751 RIVER RUN
SUITE 405",FORT WORTH,TX,76107,,27,Dallas,,,B17,"PSL / LINEBERRY, W D",,408,19346878,true,31.5529148,-102.7243768,PERMIAN BASIN,31.5529148,-102.7243768,,ft,870499,CENTRAL BASIN PLATFORM,CENTRAL BASIN PLATFORM,,"BLACKBEARD OPERATING, LLC",
4210336801,8,2021-05-07,2021-06-21,2023-06-21,TX,CRANE (TX),BLACKBEARD OPERATING,WADDELL TR A,4001H,MCKNIGHT,4000,,NewDrill,OIL,H,DUC,Active,SAND HILLS,"BLACKBEARD OPERATING, LLC",,SHANNON BURK,4322420050,"1751 RIVER RUN
SUITE 405",FORT WORTH,TX,76107,,19,Dallas,,,B21,"PSL / WADDELL, W N & CO",,1255,19344873,true,31.5025568,-102.6660338,PERMIAN BASIN,31.4854628,-102.6627207,,ft,869722,CENTRAL BASIN PLATFORM,CENTRAL BASIN PLATFORM,,"BLACKBEARD OPERATING, LLC",
4210336802,8,2021-05-10,2021-06-21,2023-06-21,TX,CRANE (TX),BLACKBEARD OPERATING,WADDELL TR A,4002H,MCKNIGHT,4000,,NewDrill,OIL & GAS,H,DUC,Active,SAND HILLS,"BLACKBEARD OPERATING, LLC",2021-07-16,SHANNON BURK,4322420050,"1751 RIVER RUN
SUITE 405",FORT WORTH,TX,76107,,20,Dallas,,,B21,"PSL / WADDELL, W N & CO",,1256,19345148,true,31.5068583,-102.6545948,PERMIAN BASIN,31.4884077,-102.6499103,,ft,869744,CENTRAL BASIN PLATFORM,CENTRAL BASIN PLATFORM,,"BLACKBEARD OPERATING, LLC",
4210336803,8,2021-05-10,2021-06-21,2023-06-21,TX,CRANE (TX),BLACKBEARD OPERATING,WADDELL TR A,4003H,MCKNIGHT,4000,,NewDrill,OIL & GAS,H,DUC,Active,SAND HILLS,"BLACKBEARD OPERATING, LLC",,SHANNON BURK,4322420050,"1751 RIVER RUN
SUITE 405",FORT WORTH,TX,76107,,20,Dallas,,,B21,"PSL / WADDELL, W N & CO",,1256,19345149,true,31.5073417,-102.6413794,PERMIAN BASIN,31.4910007,-102.6386351,,ft,869752,CENTRAL BASIN PLATFORM,CENTRAL BASIN PLATFORM,,"BLACKBEARD OPERATING, LLC",
4210336824,8,2021-06-14,2021-06-18,2023-06-18,TX,CRANE (TX),BLACKBEARD OPERATING,BUCCANEER,2,"CLEAR FORK,TUBB",9000,9000,NewDrill,OIL & GAS,V,DUC,Active,"ARMER,SAND HILLS","BLACKBEARD OPERATING, LLC",,ANDREW STAMPS,7135025033,"1751 RIVER RUN
SUITE 405",FORT WORTH,TX,76107,,5,Dallas,,,B21,"PSL/THOMASON, MRS R",,312,19346687,true,31.5425630,-102.7221366,PERMIAN BASIN,31.5425630,-102.7221366,,ft,870493,CENTRAL BASIN PLATFORM,CENTRAL BASIN PLATFORM,,"BLACKBEARD OPERATING, LLC",
4210336822,8,2021-06-11,2021-06-17,2023-06-17,TX,CRANE (TX),BLACKBEARD OPERATING,STEDE BONNET,18,"CLEAR FORK,TUBB",9000,9000,NewDrill,OIL,V,PERMITTED,Active,SAND HILLS,"BLACKBEARD OPERATING, LLC",,ANDREW STAMPS,7135025033,"1751 RIVER RUN
SUITE 405",FORT WORTH,TX,76107,,10,Dallas,,,B21,"PSL / MC KNIGHT, M B",,1114,19346544,true,31.5345520,-102.6495400,PERMIAN BASIN,31.5345520,-102.6495400,,ft,870450,CENTRAL BASIN PLATFORM,CENTRAL BASIN PLATFORM,,"BLACKBEARD OPERATING, LLC",
4210336819,8,2021-06-02,2021-06-11,2023-06-11,TX,CRANE (TX),BLACKBEARD OPERATING,WADDELL TR A,3169,"CLEAR FORK,SAN ANGELO, UPPER,TUBB,WOLFCAMP",9000,9000,NewDrill,OIL & GAS,V,DUC,Active,SAND HILLS,"BLACKBEARD OPERATING, LLC",,SHANNON BURK,4322420050,"1751 RIVER RUN
SUITE 405",FORT WORTH,TX,76107,,19,Dallas,,,B26,"PSL / WADDELL, W N & CO",,1266,19346137,true,31.5101117,-102.6220094,PERMIAN BASIN,31.5101117,-102.6220094,,ft,870219,CENTRAL BASIN PLATFORM,CENTRAL BASIN PLATFORM,,"BLACKBEARD OPERATING, LLC",
4210336821,8,2021-06-09,2021-06-10,2023-06-10,TX,CRANE (TX),BLACKBEARD OPERATING,WADDELL TR A,3074,"CLEAR FORK,SAN ANGELO, UPPER,TUBB,WOLFCAMP",9000,9000,NewDrill,OIL & GAS,V,PERMITTED,Active,SAND HILLS,"BLACKBEARD OPERATING, LLC",,SHANNON BURK,4322420050,"1751 RIVER RUN
SUITE 405",FORT WORTH,TX,76107,,18,Dallas,,,B26,"PSL/WADDELL, W N & CO",,1265,19346135,true,31.5331436,-102.6398223,PERMIAN BASIN,31.5331436,-102.6398223,,ft,870370,CENTRAL BASIN PLATFORM,CENTRAL BASIN PLATFORM,,"BLACKBEARD OPERATING, LLC",
4210336820,8,2021-06-07,2021-06-09,2023-06-09,TX,CRANE (TX),BLACKBEARD OPERATING,WADDELL TR A,3024,"CLEAR FORK,SAN ANGELO, UPPER,TUBB,WOLFCAMP",9000,9000,NewDrill,OIL & GAS,V,COMPLETED,Active,SAND HILLS,"BLACKBEARD OPERATING, LLC",,SHANNON BURK,4322420050,"1751 RIVER RUN
SUITE 405",FORT WORTH,TX,76107,,17,Dallas,,,B21,"PSL / WADDELL, W N & CO",,1253,19346136,true,31.5052584,-102.7061250,PERMIAN BASIN,31.5052584,-102.7061250,,ft,870299,CENTRAL BASIN PLATFORM,CENTRAL BASIN PLATFORM,,"BLACKBEARD OPERATING, LLC",
4210336818,8,2021-06-02,2021-06-07,2023-06-07,TX,CRANE (TX),BLACKBEARD OPERATING,WADDELL TR A,3107,"CLEAR FORK,SAN ANGELO, UPPER,TUBB,WOLFCAMP",9000,9000,NewDrill,OIL & GAS,V,PERMITTED,Active,SAND HILLS,"BLACKBEARD OPERATING, LLC",,SHANNON BURK,4322420050,"1751 RIVER RUN
SUITE 405",FORT WORTH,TX,76107,,19,Dallas,,,B21,"PSL / WADDELL, W N & CO",,1255,19346138,true,31.5077638,-102.6723153,PERMIAN BASIN,31.5077638,-102.6723153,,ft,870197,CENTRAL BASIN PLATFORM,CENTRAL BASIN PLATFORM,,"BLACKBEARD OPERATING, LLC",
4210336794,8,2021-04-28,2021-06-01,2023-06-01,TX,CRANE (TX),BLACKBEARD OPERATING,WADDELL TR A,3063,"CLEAR FORK,SAN ANGELO, UPPER,TUBB,WOLFCAMP",9000,9000,NewDrill,OIL & GAS,V,DUC,Active,SAND HILLS,"BLACKBEARD OPERATING, LLC",,SHANNON BURK,4322420050,"1751 RIVER RUN
SUITE 405",FORT WORTH,TX,76107,,11,Dallas,,,B21,"PSL / WADDELL, W N & CO",,1243,19344060,true,31.5289222,-102.6507833,PERMIAN BASIN,31.5289222,-102.6507833,,ft,869467,CENTRAL BASIN PLATFORM,CENTRAL BASIN PLATFORM,,"BLACKBEARD OPERATING, LLC",
4210336796,8,2021-04-28,2021-06-01,2023-06-01,TX,CRANE (TX),BLACKBEARD OPERATING,WADDELL TR A,3142,"CLEAR FORK,SAN ANGELO, UPPER,TUBB,WOLFCAMP",9000,9000,NewDrill,OIL & GAS,V,PERMITTED,Active,SAND HILLS,"BLACKBEARD OPERATING, LLC",,SHANNON BURK,4322420050,"1751 RIVER RUN
SUITE 405",FORT WORTH,TX,76107,,19,Dallas,,,B26,"PSL / WADDELL, W N & CO",,1266,19344058,true,31.5138639,-102.6373167,PERMIAN BASIN,31.5138639,-102.6373167,,ft,869473,CENTRAL BASIN PLATFORM,CENTRAL BASIN PLATFORM,,"BLACKBEARD OPERATING, LLC",
4210336816,8,2021-05-26,2021-05-27,2023-05-27,TX,CRANE (TX),BLACKBEARD OPERATING,WADDELL TR A,3141,"CLEAR FORK,SAN ANGELO, UPPER,TUBB,WOLFCAMP",9000,9000,NewDrill,OIL & GAS,V,PERMITTED,Active,SAND HILLS,"BLACKBEARD OPERATING, LLC",,SHANNON BURK,4322420050,"1751 RIVER RUN
SUITE 405",FORT WORTH,TX,76107,,19,Dallas,,,B26,"PSL/WADDELL, W N & CO",,1266,19345767,true,31.5196108,-102.6273720,PERMIAN BASIN,31.5196108,-102.6273720,,ft,870100,CENTRAL BASIN PLATFORM,CENTRAL BASIN PLATFORM,,"BLACKBEARD OPERATING, LLC",
4210336815,8,2021-05-25,2021-05-26,2023-05-26,TX,CRANE (TX),BLACKBEARD OPERATING,WILLIAM LARUE WELLER,1,"CLEAR FORK,TUBB",9000,9000,NewDrill,OIL & GAS,V,PERMITTED,Active,"ARMER,SAND HILLS","BLACKBEARD OPERATING, LLC",,ANDREW STAMPS,7135025033,"1751 RIVER RUN
SUITE 405",FORT WORTH,TX,76107,,27,Dallas,,,B17,"PSL/LINEBERRY, W D",,408,19345663,true,31.5498024,-102.7233582,PERMIAN BASIN,31.5498024,-102.7233582,,ft,870059,CENTRAL BASIN PLATFORM,CENTRAL BASIN PLATFORM,,"BLACKBEARD OPERATING, LLC",
4210336813,8,2021-05-20,2021-05-24,2023-05-24,TX,CRANE (TX),BLACKBEARD OPERATING,STEDE BONNET,17,"CLEAR FORK,TUBB",9000,9000,NewDrill,OIL & GAS,V,DUC,Active,SAND HILLS,"BLACKBEARD OPERATING, LLC",,ANDREW STAMPS,7135025033,"1751 RIVER RUN
SUITE 405",FORT WORTH,TX,76107,,10,Dallas,,,B21,"PSL / MC KNIGHT, M B",,1114,19345438,true,31.5375851,-102.6552198,PERMIAN BASIN,31.5375851,-102.6552198,,ft,869981,CENTRAL BASIN PLATFORM,CENTRAL BASIN PLATFORM,,"BLACKBEARD OPERATING, LLC",
4210336811,8,2021-05-19,2021-05-24,2023-05-24,TX,CRANE (TX),BLACKBEARD OPERATING,YELLOW JACK NWSW,32,"CLEAR FORK,TUBB",9000,9000,NewDrill,OIL,V,DUC,Active,SAND HILLS,"BLACKBEARD OPERATING, LLC",,ANDREW STAMPS,7135025033,"1751 RIVER RUN
SUITE 405",FORT WORTH,TX,76107,,8,Dallas,,,B21,"PSL / MC KNIGHT, M B",,1113,19345441,true,31.5267742,-102.6962569,PERMIAN BASIN,31.5267742,-102.6962569,,ft,869966,CENTRAL BASIN PLATFORM,CENTRAL BASIN PLATFORM,,"BLACKBEARD OPERATING, LLC",
4210336814,8,2021-05-21,2021-05-24,2023-05-24,TX,CRANE (TX),BLACKBEARD OPERATING,LANDLUBBER,38,"CLEAR FORK,TUBB",9000,9000,NewDrill,OIL,V,PERMITTED,Active,SAND HILLS,"BLACKBEARD OPERATING, LLC",,ANDREW STAMPS,7135025033,"1751 RIVER RUN
SUITE 405",FORT WORTH,TX,76107,,26,Dallas,,,B17,"O`NEAL, M C / MC KNIGHT, M B",,1107,19345662,true,31.5556259,-102.7186489,PERMIAN BASIN,31.5556259,-102.7186489,,ft,870022,CENTRAL BASIN PLATFORM,CENTRAL BASIN PLATFORM,,"BLACKBEARD OPERATING, LLC",
4210336810,8,2021-05-19,2021-05-21,2023-05-21,TX,CRANE (TX),BLACKBEARD OPERATING,WADDELL TR A,3584,"CLEAR FORK,SAN ANGELO, UPPER,TUBB",9000,9000,NewDrill,OIL & GAS,V,COMPLETED,Active,SAND HILLS,"BLACKBEARD OPERATING, LLC",,SHANNON BURK,4322420050,"1751 RIVER RUN
SUITE 405",FORT WORTH,TX,76107,,18,Dallas,,,B26,"PSL / WADDELL, W N & CO",,1265,19345451,true,31.5213055,-102.6384833,PERMIAN BASIN,31.5213055,-102.6384833,,ft,869964,CENTRAL BASIN PLATFORM,CENTRAL BASIN PLATFORM,,"BLACKBEARD OPERATING, LLC",
4210336812,8,2021-05-20,2021-05-21,2023-05-21,TX,CRANE (TX),BLACKBEARD OPERATING,WADDELL TR A,3077,"CLEAR FORK,SAN ANGELO, UPPER,TUBB,WOLFCAMP",9000,9000,NewDrill,OIL & GAS,V,DUC,Active,SAND HILLS,"BLACKBEARD OPERATING, LLC",,SHANNON BURK,4322420050,"1751 RIVER RUN
SUITE 405",FORT WORTH,TX,76107,,18,Dallas,,,B26,"PSL/WADDELL, W N & CO",,1265,19345449,true,31.5296437,-102.6376417,PERMIAN BASIN,31.5296437,-102.6376417,,ft,869997,CENTRAL BASIN PLATFORM,CENTRAL BASIN PLATFORM,,"BLACKBEARD OPERATING, LLC",
4210336807,8,2021-05-14,2021-05-18,2023-05-18,TX,CRANE (TX),BLACKBEARD OPERATING,WATERLOGGED,3SD,ELLENBURGER,9000,9000,NewDrill,OIL,V,DUC,Active,SAND HILLS,"BLACKBEARD OPERATING, LLC",,SHANNON BURK,4322420050,"1751 RIVER RUN
SUITE 405",FORT WORTH,TX,76107,,7,Dallas,,,B21,"PSL / WADDELL, W N & CO",,1241,19345136,true,31.5325771,-102.7124120,PERMIAN BASIN,31.5325771,-102.7124120,,ft,869870,CENTRAL BASIN PLATFORM,CENTRAL BASIN PLATFORM,,"BLACKBEARD OPERATING, LLC",
4210336806,8,2021-05-14,2021-05-18,2023-05-18,TX,CRANE (TX),BLACKBEARD OPERATING,WADDELL TR A,3132,"CLEAR FORK,SAN ANGELO, UPPER,TUBB,WOLFCAMP",9000,9000,NewDrill,OIL & GAS,V,DUC,Active,SAND HILLS,"BLACKBEARD OPERATING, LLC",,SHANNON BURK,4322420050,"1751 RIVER RUN
SUITE 405",FORT WORTH,TX,76107,,20,Dallas,,,B21,"PSL / WADDELL, W N & CO",,1256,19345135,true,31.5079440,-102.6495339,PERMIAN BASIN,31.5079440,-102.6495339,,ft,869872,CENTRAL BASIN PLATFORM,CENTRAL BASIN PLATFORM,,"BLACKBEARD OPERATING, LLC",
4210336804,8,2021-05-11,2021-05-13,2023-05-13,TX,CRANE (TX),BLACKBEARD OPERATING,WADDELL TR A,3157,"CLEAR FORK,SAN ANGELO, UPPER,TUBB,WOLFCAMP",9000,9000,NewDrill,OIL & GAS,V,PERMITTED,Active,SAND HILLS,"BLACKBEARD OPERATING, LLC",,SHANNON BURK,4322420050,"1751 RIVER RUN
SUITE 405",FORT WORTH,TX,76107,,20,Dallas,,,B26,"PSL / WADDELL, W N & CO",,1267,19345159,true,31.5200138,-102.6209617,PERMIAN BASIN,31.5200138,-102.6209617,,ft,869778,CENTRAL BASIN PLATFORM,CENTRAL BASIN PLATFORM,,"BLACKBEARD OPERATING, LLC",
4210336805,8,2021-05-14,2021-06-18,2023-06-18,TX,CRANE (TX),BLACKBEARD OPERATING,WADDELL TR A,3105,"CLEAR FORK,SAN ANGELO, UPPER,TUBB,WOLFCAMP",9000,9000,NewDrill,OIL & GAS,V,PERMITTED,Active,SAND HILLS,"BLACKBEARD OPERATING, LLC",,SHANNON BURK,4322420050,"1751 RIVER RUN
SUITE 405",FORT WORTH,TX,76107,,19,Dallas,,,B21,"PSL / WADDELL, W N & CO",,1255,19345160,true,31.5128760,-102.6697250,PERMIAN BASIN,31.5128760,-102.6697250,,ft,869871,CENTRAL BASIN PLATFORM,CENTRAL BASIN PLATFORM,,"BLACKBEARD OPERATING, LLC",
4210336792,8,2021-04-20,2021-04-29,2023-04-29,TX,CRANE (TX),BLACKBEARD OPERATING,WADDELL TR A,3121,"CLEAR FORK,SAN ANGELO, UPPER,TUBB,WOLFCAMP",9000,9000,NewDrill,OIL & GAS,V,PERMITTED,Active,SAND HILLS,"BLACKBEARD OPERATING, LLC",,SHANNON BURK,4322420050,"1751 RIVER RUN
SUITE 405",FORT WORTH,TX,76107,,20,Dallas,,,B21,"PSL / WADDELL, W N & CO",,1256,19343893,true,31.5179497,-102.6471696,PERMIAN BASIN,31.5179497,-102.6471696,,ft,869288,CENTRAL BASIN PLATFORM,CENTRAL BASIN PLATFORM,,"BLACKBEARD OPERATING, LLC",
4210336795,8,2021-04-28,2021-04-29,2023-04-29,TX,CRANE (TX),BLACKBEARD OPERATING,WADDELL TR A,3012,"CLEAR FORK,SAN ANGELO, UPPER,TUBB,WOLFCAMP",9000,9000,NewDrill,OIL & GAS,V,DUC,Active,SAND HILLS,"BLACKBEARD OPERATING, LLC",,SHANNON BURK,4322420050,"1751 RIVER RUN
SUITE 405",FORT WORTH,TX,76107,,7,Dallas,,,B21,"PSL / WADDELL, W N & CO",,1242,19344059,true,31.5247333,-102.6983472,PERMIAN BASIN,31.5247333,-102.6983472,,ft,869468,CENTRAL BASIN PLATFORM,CENTRAL BASIN PLATFORM,,"BLACKBEARD OPERATING, LLC",
4210336793,8,2021-04-28,2021-04-29,2023-04-29,TX,CRANE (TX),BLACKBEARD OPERATING,WADDELL TR A,3131,"CLEAR FORK,SAN ANGELO, UPPER,TUBB,WOLFCAMP",9000,9000,NewDrill,OIL & GAS,V,PERMITTED,Active,SAND HILLS,"BLACKBEARD OPERATING, LLC",,SHANNON BURK,4322420050,"1751 RIVER RUN
SUITE 405",FORT WORTH,TX,76107,,22,Dallas,,,B21,"PSL / WADDELL, W N & CO",,1258,19344057,true,31.5006251,-102.6560250,PERMIAN BASIN,31.5006251,-102.6560250,,ft,869464,CENTRAL BASIN PLATFORM,CENTRAL BASIN PLATFORM,,"BLACKBEARD OPERATING, LLC",
4210336791,8,2021-04-19,2021-04-26,2023-04-26,TX,CRANE (TX),BLACKBEARD OPERATING,STEDE BONNET E,6,"CLEAR FORK,TUBB,WICHITA-ALBANY",9000,9000,NewDrill,OIL & GAS,V,PERMITTED,Active,"ARMER,SAND HILLS","BLACKBEARD OPERATING, LLC",,SHANNON BURK,4322420050,"1751 RIVER RUN
SUITE 405",FORT WORTH,TX,76107,,7,Dallas,,,B26,"PSL / MC KNIGHT, M B",,1123,19343892,true,31.5353824,-102.6466085,PERMIAN BASIN,31.5353824,-102.6466085,,ft,869251,CENTRAL BASIN PLATFORM,CENTRAL BASIN PLATFORM,,"BLACKBEARD OPERATING, LLC",
4210336790,8,2021-04-06,2021-04-15,2023-04-15,TX,CRANE (TX),BLACKBEARD OPERATING,WADDELL TR A,3144,"CLEAR FORK,SAN ANGELO, UPPER,TUBB,WOLFCAMP",9000,9000,NewDrill,OIL & GAS,V,COMPLETED,Active,SAND HILLS,"BLACKBEARD OPERATING, LLC",,SHANNON BURK,4322420050,"1751 RIVER RUN
SUITE 405",FORT WORTH,TX,76107,,19,Dallas,,,B26,"PSL / WADDELL, W N & CO",,1266,19343061,true,31.5155054,-102.6274859,PERMIAN BASIN,31.5155054,-102.6274859,,ft,868935,CENTRAL BASIN PLATFORM,CENTRAL BASIN PLATFORM,,"BLACKBEARD OPERATING, LLC",
4210336772,8,2021-03-01,2021-04-14,2023-04-14,TX,CRANE (TX),BLACKBEARD OPERATING,CROLEY ESTATE,50,"CLEAR FORK,TUBB",9000,9000,NewDrill,OIL & GAS,V,ACTIVE,Active,"ARMER,SAND HILLS","BLACKBEARD OPERATING, LLC",2021-05-19,SHANNON BURK,4322420050,"1751 RIVER RUN
SUITE 405",FORT WORTH,TX,76107,,4,Dallas,,,B21,"PSL / MC KNIGHT, M B",,1111,19341158,true,31.5439721,-102.7126107,PERMIAN BASIN,31.5439721,-102.7126107,,ft,868007,CENTRAL BASIN PLATFORM,CENTRAL BASIN PLATFORM,,"BLACKBEARD OPERATING, LLC",
4210336787,8,2021-03-31,2021-04-09,2023-04-09,TX,CRANE (TX),BLACKBEARD OPERATING,WADDELL TR I,3754,"TUBB,WOLFCAMP",9000,9000,NewDrill,OIL,V,DUC,Active,SAND HILLS,"BLACKBEARD OPERATING, LLC",,JENNIFER KENNEDY,4324240050,"1751 RIVER RUN
SUITE 405",FORT WORTH,TX,76107,,8,Dallas,,,3,"H&TC RR CO / WADDELL, W N & CO",,1231,19343060,true,31.3730041,-102.6089360,PERMIAN BASIN,31.3730041,-102.6089360,,ft,868798,CENTRAL BASIN PLATFORM,CENTRAL BASIN PLATFORM,,"BLACKBEARD OPERATING, LLC",
4210336788,8,2021-04-05,2021-04-08,2023-04-08,TX,CRANE (TX),BLACKBEARD OPERATING,WADDELL TR D,3003,"CLEAR FORK,TUBB,WOLFCAMP",9000,9000,NewDrill,OIL & GAS,V,DUC,Active,SAND HILLS,"BLACKBEARD OPERATING, LLC",,SHANNON BURK,4322420050,"1751 RIVER RUN
SUITE 405",FORT WORTH,TX,76107,,7,Dallas,,,B21,"PSL / WADDELL, W N & CO",,1241,19342827,true,31.5284934,-102.7132282,PERMIAN BASIN,31.5284934,-102.7132282,,ft,868842,CENTRAL BASIN PLATFORM,CENTRAL BASIN PLATFORM,,"BLACKBEARD OPERATING, LLC",
4210336789,8,2021-04-05,2021-04-07,2023-04-07,TX,CRANE (TX),BLACKBEARD OPERATING,WADDELL TR A,3138,"CLEAR FORK,SAN ANGELO, UPPER,TUBB,WOLFCAMP",9000,9000,NewDrill,OIL & GAS,V,COMPLETED,Active,SAND HILLS,"BLACKBEARD OPERATING, LLC",,SHANNON BURK,4322420050,"1751 RIVER RUN
SUITE 405",FORT WORTH,TX,76107,,19,Dallas,,,B26,"PSL / WADDELL, W N & CO",,1266,19342828,true,31.5165040,-102.6388720,PERMIAN BASIN,31.5165040,-102.6388720,,ft,868849,CENTRAL BASIN PLATFORM,CENTRAL BASIN PLATFORM,,"BLACKBEARD OPERATING, LLC",
4210336785,8,2021-03-26,2021-04-05,2023-04-05,TX,CRANE (TX),BLACKBEARD OPERATING,WADDELL TR A,3085,"CLEAR FORK,SAN ANGELO, UPPER,TUBB,WOLFCAMP",9000,9000,NewDrill,OIL & GAS,V,DUC,Active,SAND HILLS,"BLACKBEARD OPERATING, LLC",,SHANNON BURK,4322420050,"1751 RIVER RUN
SUITE 405",FORT WORTH,TX,76107,,19,Dallas,,,B26,"PSL / WADDELL, W N & CO",,1266,19342641,true,31.5215274,-102.6354417,PERMIAN BASIN,31.5215274,-102.6354417,,ft,868684,CENTRAL BASIN PLATFORM,CENTRAL BASIN PLATFORM,,"BLACKBEARD OPERATING, LLC",
4210336786,8,2021-03-26,2021-04-01,2023-04-01,TX,CRANE (TX),BLACKBEARD OPERATING,WADDELL TR A,3009,"CLEAR FORK,TUBB,WOLFCAMP",9000,9000,NewDrill,OIL & GAS,V,PERMITTED,Active,SAND HILLS,"BLACKBEARD OPERATING, LLC",,SHANNON BURK,4322420050,"1751 RIVER RUN
SUITE 405",FORT WORTH,TX,76107,,7,Dallas,,,B21,"PSL / WADDELL, W N & CO",,1241,19342623,true,31.5213465,-102.7109377,PERMIAN BASIN,31.5213465,-102.7109377,,ft,868685,CENTRAL BASIN PLATFORM,CENTRAL BASIN PLATFORM,,"BLACKBEARD OPERATING, LLC",
4210336770,8,2021-02-23,2021-03-30,2023-03-30,TX,CRANE (TX),BLACKBEARD OPERATING,WADDELL TR A,3066,"CLEAR FORK,SAN ANGELO, UPPER,TUBB,WICHITA-ALBANY,WOLFCAMP",9000,9000,NewDrill,OIL & GAS,V,COMPLETED,Active,SAND HILLS,"BLACKBEARD OPERATING, LLC",,SHANNON BURK,4322420050,"1751 RIVER RUN
SUITE 405",FORT WORTH,TX,76107,,11,Dallas,,,B21,"PSL/WADDELL, W N & CO",,1243,19340906,true,31.5247717,-102.6481169,PERMIAN BASIN,31.5247717,-102.6481169,,ft,867857,CENTRAL BASIN PLATFORM,CENTRAL BASIN PLATFORM,,"BLACKBEARD OPERATING, LLC",
4210336776,8,2021-03-10,2021-03-12,2023-03-12,TX,CRANE (TX),BLACKBEARD OPERATING,WADDELL TR A,3080,"CLEAR FORK,SAN ANGELO, UPPER,TUBB,WOLFCAMP",9000,9000,NewDrill,OIL & GAS,V,COMPLETED,Active,SAND HILLS,"BLACKBEARD OPERATING, LLC",,SHANNON BURK,4322420050,"1751 RIVER RUN
SUITE 405",FORT WORTH,TX,76107,,18,Dallas,,,B26,"PSL / WADDELL, W N & CO",,1265,19341795,true,31.5281619,-102.6416522,PERMIAN BASIN,31.5281619,-102.6416522,,ft,868288,CENTRAL BASIN PLATFORM,CENTRAL BASIN PLATFORM,,"BLACKBEARD OPERATING, LLC",
4210336784,8,2021-03-22,2021-03-26,2023-03-26,TX,CRANE (TX),BLACKBEARD OPERATING,WADDELL TR 3,3813,"DEVONIAN,PENN UPPER,PENN.",11000,11000,NewDrill,OIL,V,DUC,Active,"BLOCK 31, NW.,UNIVERSITY WADDELL","BLACKBEARD OPERATING, LLC",2021-04-29,SHANNON BURK,4322420050,"1751 RIVER RUN
SUITE 405",FORT WORTH,TX,76107,,22,Dallas,,,B25,"PSL / WADDELL, W N",,1191,19342433,true,31.5466577,-102.4906914,PERMIAN BASIN,31.5466577,-102.4906914,,ft,868552,CENTRAL BASIN PLATFORM,CENTRAL BASIN PLATFORM,,"BLACKBEARD OPERATING, LLC",
4210336780,8,2021-03-18,2021-03-24,2023-03-24,TX,CRANE (TX),BLACKBEARD OPERATING,WADDELL TR A,3071,"CLEAR FORK,SAN ANGELO, UPPER,TUBB,WOLFCAMP",9000,9000,NewDrill,OIL & GAS,V,COMPLETED,Active,SAND HILLS,"BLACKBEARD OPERATING, LLC",,SHANNON BURK,4322420050,"1751 RIVER RUN
SUITE 405",FORT WORTH,TX,76107,,11,Dallas,,,B21,"PSL / WADDELL, W N & CO",,1243,19342205,true,31.5187823,-102.6498282,PERMIAN BASIN,31.5187823,-102.6498282,,ft,868478,CENTRAL BASIN PLATFORM,CENTRAL BASIN PLATFORM,,"BLACKBEARD OPERATING, LLC",
4210336781,8,2021-03-19,2021-03-24,2023-03-24,TX,CRANE (TX),BLACKBEARD OPERATING,WADDELL TR A,3113,"CLEAR FORK,SAN ANGELO, UPPER,TUBB,WOLFCAMP",9000,9000,NewDrill,OIL & GAS,V,DUC,Active,SAND HILLS,"BLACKBEARD OPERATING, LLC",,SHANNON BURK,4322420050,"1751 RIVER RUN
SUITE 405",FORT WORTH,TX,76107,,19,Dallas,,,B21,"PSL / WADDELL, W N & CO",,1255,19342187,true,31.5065380,-102.6630690,PERMIAN BASIN,31.5065380,-102.6630690,,ft,868499,CENTRAL BASIN PLATFORM,CENTRAL BASIN PLATFORM,,"BLACKBEARD OPERATING, LLC",
4210336782,8,2021-03-23,2021-03-24,2023-03-24,TX,CRANE (TX),BLACKBEARD OPERATING,WADDELL TR A,3171,"CLEAR FORK,SAN ANGELO, UPPER,WOLFCAMP",9000,9000,NewDrill,OIL & GAS,V,DUC,Active,SAND HILLS,"BLACKBEARD OPERATING, LLC",,SHANNON BURK,4322420050,"1751 RIVER RUN
SUITE 405",FORT WORTH,TX,76107,,29,Dallas,,,B26,"PSL / WADDELL, W N & CO",,1272,19342223,true,31.5115351,-102.6097312,PERMIAN BASIN,31.5115351,-102.6097312,,ft,868584,CENTRAL BASIN PLATFORM,CENTRAL BASIN PLATFORM,,"BLACKBEARD OPERATING, LLC",
4210336779,8,2021-03-17,2021-03-24,2023-03-24,TX,CRANE (TX),BLACKBEARD OPERATING,WADDELL TR A,3139,"CLEAR FORK,SAN ANGELO, UPPER,TUBB,WOLFCAMP",9000,9000,NewDrill,OIL & GAS,V,PERMITTED,Active,SAND HILLS,"BLACKBEARD OPERATING, LLC",,SHANNON BURK,4322420050,"1751 RIVER RUN
SUITE 405",FORT WORTH,TX,76107,,19,Dallas,,,B26,"PSL / WADDELL, W N & CO",,1266,19342169,true,31.5182410,-102.6343800,PERMIAN BASIN,31.5182410,-102.6343800,,ft,868461,CENTRAL BASIN PLATFORM,CENTRAL BASIN PLATFORM,,"BLACKBEARD OPERATING, LLC",
4210336783,8,2021-03-23,2021-03-24,2023-03-24,TX,CRANE (TX),BLACKBEARD OPERATING,WADDELL TR A,3081,"CLEAR FORK,SAN ANGELO, UPPER,TUBB,WOLFCAMP",9000,9000,NewDrill,OIL & GAS,V,DUC,Active,SAND HILLS,"BLACKBEARD OPERATING, LLC",,SHANNON BURK,4322420050,"1751 RIVER RUN
SUITE 405",FORT WORTH,TX,76107,,18,Dallas,,,B26,"PSL / WADDELL, W N & CO",,1265,19342170,true,31.5254989,-102.6366370,PERMIAN BASIN,31.5254989,-102.6366370,,ft,868594,CENTRAL BASIN PLATFORM,CENTRAL BASIN PLATFORM,,"BLACKBEARD OPERATING, LLC",
4210336777,8,2021-03-15,2021-03-18,2023-03-18,TX,CRANE (TX),BLACKBEARD OPERATING,WADDELL TR A,3164,"CLEAR FORK,SAN ANGELO, UPPER,WOLFCAMP",9000,9000,NewDrill,OIL & GAS,V,COMPLETED,Active,SAND HILLS,"BLACKBEARD OPERATING, LLC",,SHANNON BURK,4322420050,"1751 RIVER RUN
SUITE 405",FORT WORTH,TX,76107,,20,Dallas,,,B26,"PSL / WADDELL, W N & CO",,1267,19341969,true,31.5188694,-102.6081445,PERMIAN BASIN,31.5188694,-102.6081445,,ft,868405,CENTRAL BASIN PLATFORM,CENTRAL BASIN PLATFORM,,"BLACKBEARD OPERATING, LLC",
4210336778,8,2021-03-16,2021-03-18,2023-03-18,TX,CRANE (TX),BLACKBEARD OPERATING,WADDELL TR A,3160,"CLEAR FORK,SAN ANGELO, UPPER,WOLFCAMP",9000,9000,NewDrill,OIL & GAS,V,DUC,Active,SAND HILLS,"BLACKBEARD OPERATING, LLC",,SHANNON BURK,4322420050,"1751 RIVER RUN
SUITE 405",FORT WORTH,TX,76107,,20,Dallas,,,B26,"PSL / WADDELL, W N & CO",,1267,19341970,true,31.5231842,-102.6091492,PERMIAN BASIN,31.5231842,-102.6091492,,ft,868441,CENTRAL BASIN PLATFORM,CENTRAL BASIN PLATFORM,,"BLACKBEARD OPERATING, LLC",
4210336775,8,2021-03-03,2021-03-16,2023-03-16,TX,CRANE (TX),BLACKBEARD OPERATING,WADDELL TR A,3145,"CLEAR FORK,SAN ANGELO, UPPER,TUBB,WOLFCAMP",9000,9000,NewDrill,OIL & GAS,V,DUC,Active,SAND HILLS,"BLACKBEARD OPERATING, LLC",,SHANNON BURK,4322420050,"1751 RIVER RUN
SUITE 405",FORT WORTH,TX,76107,,19,Dallas,,,B26,"PSL / WADDELL, W N & CO",,1266,19341639,true,31.5169010,-102.6242530,PERMIAN BASIN,31.5169010,-102.6242530,,ft,868086,CENTRAL BASIN PLATFORM,CENTRAL BASIN PLATFORM,,"BLACKBEARD OPERATING, LLC",
4210336774,8,2021-03-02,2021-03-05,2023-03-05,TX,CRANE (TX),BLACKBEARD OPERATING,LANDLUBBER,42,"CLEAR FORK,TUBB",9000,9000,NewDrill,OIL,V,ACTIVE,Active,SAND HILLS,"BLACKBEARD OPERATING, LLC",,SHANNON BURK,4322420050,"1751 RIVER RUN
SUITE 405",FORT WORTH,TX,76107,,26,Dallas,,,B17,"O`NEAL, M C/MC KNIGHT, M B",,1107,19341425,true,31.5530649,-102.7134960,PERMIAN BASIN,31.5530649,-102.7134960,,ft,868054,CENTRAL BASIN PLATFORM,CENTRAL BASIN PLATFORM,,"BLACKBEARD OPERATING, LLC",
4210336773,8,2021-03-01,2021-03-04,2023-03-04,TX,CRANE (TX),BLACKBEARD OPERATING,WADDELL TR A,3072,"CLEAR FORK,SAN ANGELO, UPPER,TUBB,WOLFCAMP",9000,9000,NewDrill,OIL & GAS,V,DUC,Active,SAND HILLS,"BLACKBEARD OPERATING, LLC",,SHANNON BURK,4322420050,"1751 RIVER RUN
SUITE 405",FORT WORTH,TX,76107,,11,Dallas,,,B21,"PSL/ WADDELL, W N & CO",,1243,19341424,true,31.5226601,-102.6453980,PERMIAN BASIN,31.5226601,-102.6453980,,ft,868011,CENTRAL BASIN PLATFORM,CENTRAL BASIN PLATFORM,,"BLACKBEARD OPERATING, LLC",
4210336769,8,2021-02-18,2021-03-02,2023-03-02,TX,CRANE (TX),BLACKBEARD OPERATING,WADDELL TR A,3159,"CLEAR FORK,SAN ANGELO, UPPER,WICHITA-ALBANY,WOLFCAMP",9000,9000,NewDrill,OIL & GAS,V,PERMITTED,Active,SAND HILLS,"BLACKBEARD OPERATING, LLC",,SHANNON BURK,4322420050,"1751 RIVER RUN
SUITE 405",FORT WORTH,TX,76107,,20,Dallas,,,B26,"PSL/WADDELL, W N & CO",,1267,19338402,true,31.5216555,-102.6122022,PERMIAN BASIN,31.5216555,-102.6122022,,ft,867792,CENTRAL BASIN PLATFORM,CENTRAL BASIN PLATFORM,,"BLACKBEARD OPERATING, LLC",
4210336771,8,2021-02-23,2021-02-26,2023-02-26,TX,CRANE (TX),BLACKBEARD OPERATING,WADDELL TR A,3073,"CLEAR FORK,SAN ANGELO, UPPER,TUBB,WOLFCAMP",9000,9000,NewDrill,OIL & GAS,V,DUC,Active,SAND HILLS,"BLACKBEARD OPERATING, LLC",,SHANNON BURK,4322420050,"1751 RIVER RUN
SUITE 405",FORT WORTH,TX,76107,,18,Dallas,,,B26,"PSL / WADDELL, W N & CO",,1265,19340907,true,31.5321936,-102.6437918,PERMIAN BASIN,31.5321936,-102.6437918,,ft,867884,CENTRAL BASIN PLATFORM,CENTRAL BASIN PLATFORM,,"BLACKBEARD OPERATING, LLC",
4210336765,8,2021-01-20,2021-02-22,2023-02-22,TX,CRANE (TX),BLACKBEARD OPERATING,WADDELL TR A,3051,"CLEAR FORK,SAN ANGELO, UPPER,TUBB,WICHITA-ALBANY,WOLFCAMP",9000,9000,NewDrill,OIL & GAS,V,PERMITTED,Active,SAND HILLS,"BLACKBEARD OPERATING, LLC",2021-12-02,REGULATORY BLACKBEARD,4322420050,"1751 RIVER RUN
SUITE 405",FORT WORTH,TX,76107,,12,Dallas,,,B21,"PSL / WADDELL, W N & CO",,1244,19337434,true,31.5240327,-102.6627422,PERMIAN BASIN,31.5240327,-102.6627422,,ft,867179,CENTRAL BASIN PLATFORM,CENTRAL BASIN PLATFORM,,"BLACKBEARD OPERATING, LLC",
4210336763,8,2021-01-14,2021-02-22,2023-02-22,TX,CRANE (TX),BLACKBEARD OPERATING,WADDELL TR D,3000,"CLEAR FORK,TUBB,WICHITA-ALBANY,WOLFCAMP",9000,9000,NewDrill,OIL & GAS,V,DUC,Active,SAND HILLS,"BLACKBEARD OPERATING, LLC",,SHANNON BURK,4322420050,"1751 RIVER RUN
SUITE 405",FORT WORTH,TX,76107,,7,Dallas,,,B21,"PSL / WADDELL, W N & CO",,1241,19336932,true,31.5336318,-102.7133571,PERMIAN BASIN,31.5336318,-102.7133571,,ft,867051,CENTRAL BASIN PLATFORM,CENTRAL BASIN PLATFORM,,"BLACKBEARD OPERATING, LLC",
4210336768,8,2021-02-02,2021-02-09,2023-02-09,TX,CRANE (TX),BLACKBEARD OPERATING,WADDELL TR A,3005,"CLEAR FORK,SAN ANGELO, UPPER,TUBB,WICHITA-ALBANY,WOLFCAMP",9000,9000,NewDrill,OIL & GAS,V,DUC,Active,SAND HILLS,"BLACKBEARD OPERATING, LLC",,SHANNON BURK,4322420050,"1751 RIVER RUN
SUITE 405",FORT WORTH,TX,76107,,7,Dallas,,,B21,"PSL/WADDELL, W N & CO",,1241,19337959,true,31.5248470,-102.7120600,PERMIAN BASIN,31.5248470,-102.7120600,,ft,867493,CENTRAL BASIN PLATFORM,CENTRAL BASIN PLATFORM,,"BLACKBEARD OPERATING, LLC",
4210336767,8,2021-02-02,2021-02-09,2023-02-09,TX,CRANE (TX),BLACKBEARD OPERATING,WADDELL TR A,3010,"CLEAR FORK,SAN ANGELO, UPPER,TUBB,WICHITA-ALBANY,WOLFCAMP",9000,9000,NewDrill,OIL & GAS,V,DUC,Active,SAND HILLS,"BLACKBEARD OPERATING, LLC",,SHANNON BURK,4322420050,"1751 RIVER RUN
SUITE 405",FORT WORTH,TX,76107,,7,Dallas,,,B21,"PSL/WADDELL, W N & CO",,1241,19337958,true,31.5223597,-102.7066654,PERMIAN BASIN,31.5223597,-102.7066654,,ft,867476,CENTRAL BASIN PLATFORM,CENTRAL BASIN PLATFORM,,"BLACKBEARD OPERATING, LLC",
4210336766,8,2021-01-29,2021-02-05,2023-02-05,TX,CRANE (TX),BLACKBEARD OPERATING,WADDELL TR A,3168,"CLEAR FORK,SAN ANGELO, UPPER,TUBB,WOLFCAMP",9000,9000,NewDrill,OIL & GAS,V,DUC,Active,SAND HILLS,"BLACKBEARD OPERATING, LLC",,SHANNON BURK,4322420050,"1751 RIVER RUN
SUITE 405",FORT WORTH,TX,76107,,20,Dallas,,,B26,"PSL / WADDELL, W N & CO",,1267,19337764,true,31.5158999,-102.6071911,PERMIAN BASIN,31.5158999,-102.6071911,,ft,867427,CENTRAL BASIN PLATFORM,CENTRAL BASIN PLATFORM,,"BLACKBEARD OPERATING, LLC",
4210336764,8,2021-01-19,2021-01-25,2023-01-25,TX,CRANE (TX),BLACKBEARD OPERATING,WADDELL TR A,3250,"CLEAR FORK,TUBB,WICHITA-ALBANY,WOLFCAMP",9000,9000,NewDrill,OIL & GAS,V,ACTIVE,Active,SAND HILLS,"BLACKBEARD OPERATING, LLC",,SHANNON BURK,4322420050,"1751 RIVER RUN
SUITE 405",FORT WORTH,TX,76107,,4,Dallas,,,B27,"PSL / WADDELL, W N & CO",,1274,19337493,true,31.4650673,-102.6884805,PERMIAN BASIN,31.4650673,-102.6884805,12508,ft,867146,CENTRAL BASIN PLATFORM,CENTRAL BASIN PLATFORM,,"BLACKBEARD OPERATING, LLC",
4210336762,8,2021-01-08,2021-01-12,2023-01-12,TX,CRANE (TX),BLACKBEARD OPERATING,WADDELL TR A,3084,"CLEAR FORK,TUBB,WICHITA-ALBANY,WOLFCAMP",9000,9000,NewDrill,OIL & GAS,V,ACTIVE,Active,SAND HILLS,"BLACKBEARD OPERATING, LLC",,SHANNON BURK,4322420050,"1751 RIVER RUN
SUITE 405",FORT WORTH,TX,76107,,18,Dallas,,,B26,"PSL/WADDELL, W N & CO",,1265,19336765,true,31.5208163,-102.6395334,PERMIAN BASIN,31.5208163,-102.6395334,12508,ft,866927,CENTRAL BASIN PLATFORM,CENTRAL BASIN PLATFORM,,"BLACKBEARD OPERATING, LLC",
4210336761,8,2021-01-08,2021-01-12,2023-01-12,TX,CRANE (TX),BLACKBEARD OPERATING,WADDELL TR A,3061,"CLEAR FORK,SAN ANGELO, UPPER,TUBB,WOLFCAMP",9000,9000,NewDrill,OIL & GAS,V,COMPLETED,Active,SAND HILLS,"BLACKBEARD OPERATING, LLC",2021-03-16,SHANNON BURK,4322420050,"1751 RIVER RUN
SUITE 405",FORT WORTH,TX,76107,,11,Dallas,,,B21,"PSL/WADDELL, W N & CO",,1243,19336764,true,31.5279132,-102.6576962,PERMIAN BASIN,31.5279132,-102.6576962,,ft,866925,CENTRAL BASIN PLATFORM,CENTRAL BASIN PLATFORM,,"BLACKBEARD OPERATING, LLC",
4210336760,8,2020-12-30,2020-12-30,2022-12-30,TX,CRANE (TX),BLACKBEARD OPERATING,6 POUNDER SE,29,"CLEAR FORK,TUBB",9000,9000,NewDrill,OIL & GAS,V,ACTIVE,Active,SAND HILLS,"BLACKBEARD OPERATING, LLC",,SHANNON BURK,4322420050,"1751 RIVER RUN
SUITE 405",FORT WORTH,TX,76107,,4,Dallas,,,B21,"PSL / MC KNIGHT, M B",,1111,19335863,true,31.5408930,-102.7084876,PERMIAN BASIN,31.5408930,-102.7084876,56262,ft,866769,CENTRAL BASIN PLATFORM,CENTRAL BASIN PLATFORM,,"BLACKBEARD OPERATING, LLC",
4210336759,8,2020-12-21,2020-12-29,2022-12-29,TX,CRANE (TX),BLACKBEARD OPERATING,WADDELL TR A,3207,"CLEAR FORK,SAN ANGELO, UPPER,TUBB,WICHITA-ALBANY,WOLFCAMP",9000,9000,NewDrill,OIL & GAS,V,P & A,Active,SAND HILLS,"BLACKBEARD OPERATING, LLC",2021-03-24,SHANNON BURK,4322420050,"1751 RIVER RUN
SUITE 405",FORT WORTH,TX,76107,,21,Dallas,,,B26,"PSL / WADDELL, W N & CO",,1268,19335491,true,31.5160636,-102.5996520,PERMIAN BASIN,31.5160636,-102.5996520,,ft,866628,CENTRAL BASIN PLATFORM,CENTRAL BASIN PLATFORM,,"BLACKBEARD OPERATING, LLC",
4210336757,8,2020-12-10,2020-12-29,2022-12-29,TX,CRANE (TX),BLACKBEARD OPERATING,WADDELL TR H,3729,"DEVONIAN,TUBB,WOLFCAMP",9000,9000,NewDrill,OIL,V,DUC,Active,"LEA, S.,LEA, SOUTH","BLACKBEARD OPERATING, LLC",,JENNIFER KENNEDY,4324240050,"1751 RIVER RUN
SUITE 405",FORT WORTH,TX,76107,,67,Dallas,,,X,CCSD&RGNG RR CO,,47,19335077,true,31.3929176,-102.5245928,PERMIAN BASIN,31.3929176,-102.5245928,,ft,866483,CENTRAL BASIN PLATFORM,CENTRAL BASIN PLATFORM,,"BLACKBEARD OPERATING, LLC",
4210336756,8,2020-12-08,2020-12-11,2022-12-11,TX,CRANE (TX),BLACKBEARD OPERATING,WADDELL TR A,3068,"CLEAR FORK,TUBB,WOLFCAMP",9000,9000,NewDrill,OIL & GAS,V,COMPLETED,Active,SAND HILLS,"BLACKBEARD OPERATING, LLC",,SHANNON BURK,4322420050,"1751 RIVER RUN
SUITE 405",FORT WORTH,TX,76107,,11,Dallas,,,B21,"PSL / WADDELL, W N & CO",,1243,19334872,true,31.5200246,-102.6578143,PERMIAN BASIN,31.5200246,-102.6578143,,ft,866421,CENTRAL BASIN PLATFORM,CENTRAL BASIN PLATFORM,,"BLACKBEARD OPERATING, LLC",
4210336754,8,2020-11-30,2020-12-07,2022-12-07,TX,CRANE (TX),BLACKBEARD OPERATING,WADDELL TR A,3055,"CLEAR FORK,TUBB,WOLFCAMP",9000,9000,NewDrill,OIL & GAS,V,PERMITTED,Active,SAND HILLS,"BLACKBEARD OPERATING, LLC",,SHANNON BURK,4322420050,"1751 RIVER RUN
SUITE 405",FORT WORTH,TX,76107,,12,Dallas,,,B21,"PSL / WADDELL, W N & CO",,1244,19334590,true,31.5163051,-102.6752564,PERMIAN BASIN,31.5163051,-102.6752564,,ft,866235,CENTRAL BASIN PLATFORM,CENTRAL BASIN PLATFORM,,"BLACKBEARD OPERATING, LLC",
4210336755,8,2020-12-02,2020-12-04,2022-12-04,TX,CRANE (TX),BLACKBEARD OPERATING,WADDELL TR A,3167,"CLEAR FORK,SAN ANGELO, UPPER,TUBB,WICHITA-ALBANY,WOLFCAMP",9000,9000,NewDrill,OIL & GAS,V,ACTIVE,Active,SAND HILLS,"BLACKBEARD OPERATING, LLC",2021-03-03,SHANNON BURK,4322420050,"1751 RIVER RUN
SUITE 405",FORT WORTH,TX,76107,,20,Dallas,,,B26,"PSL / WADDELL, W N & CO",,1267,19334629,true,31.5148889,-102.6115301,PERMIAN BASIN,31.5148889,-102.6115301,18745,ft,866294,CENTRAL BASIN PLATFORM,CENTRAL BASIN PLATFORM,,"BLACKBEARD OPERATING, LLC",
4210336751,8,2020-10-16,2020-11-02,2022-11-02,TX,CRANE (TX),BLACKBEARD OPERATING,WADDELL TR A,3161,"CLEAR FORK,TUBB,WICHITA-ALBANY,WOLFCAMP",9000,9000,NewDrill,OIL & GAS,V,ACTIVE,Active,SAND HILLS,"BLACKBEARD OPERATING, LLC",,SHANNON BURK,4322420050,"1751 RIVER RUN
SUITE 405",FORT WORTH,TX,76107,,20,Dallas,,,B26,"PSL/WADDELL, W N & CO",,1267,19332706,true,31.5163193,-102.6205108,PERMIAN BASIN,31.5163193,-102.6205108,12508,ft,865609,CENTRAL BASIN PLATFORM,CENTRAL BASIN PLATFORM,,"BLACKBEARD OPERATING, LLC",
4210336753,8,2020-10-20,2020-10-23,2022-10-23,TX,CRANE (TX),BLACKBEARD OPERATING,WADDELL TR A,3090,"CLEAR FORK,TUBB,WICHITA-ALBANY,WOLFCAMP",9000,9000,NewDrill,OIL & GAS,V,ACTIVE,Active,SAND HILLS,"BLACKBEARD OPERATING, LLC",,SHANNON BURK,4322420050,"1751 RIVER RUN
SUITE 405",FORT WORTH,TX,76107,,18,Dallas,,,B21,"PSL / WADDELL, W N & CO",,1254,19332920,true,31.5098081,-102.6816954,PERMIAN BASIN,31.5098081,-102.6816954,12508,ft,865672,CENTRAL BASIN PLATFORM,CENTRAL BASIN PLATFORM,,"BLACKBEARD OPERATING, LLC",
4210336752,8,2020-10-13,2020-10-21,2022-10-21,TX,CRANE (TX),BLACKBEARD OPERATING,WADDELL TR A,3172,"CLEAR FORK,WICHITA-ALBANY,WOLFCAMP",9000,9000,NewDrill,OIL & GAS,V,ACTIVE,Active,SAND HILLS,"BLACKBEARD OPERATING, LLC",,SHANNON BURK,4322420050,"1751 RIVER RUN
SUITE 405",FORT WORTH,TX,76107,,29,Dallas,,,B26,"PSL/WADDELL, W N & CO",,1272,19332705,true,31.5126140,-102.6062049,PERMIAN BASIN,31.5126140,-102.6062049,12508,ft,865553,CENTRAL BASIN PLATFORM,CENTRAL BASIN PLATFORM,,"BLACKBEARD OPERATING, LLC",
4210336743,8,2020-09-02,2020-10-20,2022-10-20,TX,CRANE (TX),BLACKBEARD OPERATING,WADDELL TR A,3046,"CLEAR FORK,TUBB,WICHITA-ALBANY,WOLFCAMP",9000,9000,NewDrill,OIL & GAS,V,ACTIVE,Active,SAND HILLS,"BLACKBEARD OPERATING, LLC",,SHANNON BURK,4322420050,"1751 RIVER RUN
SUITE 405",FORT WORTH,TX,76107,,12,Dallas,,,B21,"PSL / WADDELL, W N & CO",,1244,19331007,true,31.5277215,-102.6702785,PERMIAN BASIN,31.5277215,-102.6702785,,ft,864928,CENTRAL BASIN PLATFORM,CENTRAL BASIN PLATFORM,,"BLACKBEARD OPERATING, LLC",
4210336750,8,2020-10-06,2020-10-08,2022-10-08,TX,CRANE (TX),BLACKBEARD OPERATING,WADDELL TR A,3006,"CLEAR FORK,TUBB,WICHITA-ALBANY,WOLFCAMP",9000,9000,NewDrill,OIL & GAS,V,ACTIVE,Active,SAND HILLS,"BLACKBEARD OPERATING, LLC",,SHANNON BURK,4322420050,"1751 RIVER RUN
SUITE 405",FORT WORTH,TX,76107,,7,Dallas,,,B21,"PSL/WADDELL, W N & CO",,1241,19332244,true,31.5258630,-102.7077682,PERMIAN BASIN,31.5258630,-102.7077682,12508,ft,865417,CENTRAL BASIN PLATFORM,CENTRAL BASIN PLATFORM,,"BLACKBEARD OPERATING, LLC",
4210336749,8,2020-10-05,2020-10-08,2022-10-08,TX,CRANE (TX),BLACKBEARD OPERATING,WADDELL TR A,3126,"CLEAR FORK,TUBB,WICHITA-ALBANY,WOLFCAMP",9000,9000,NewDrill,OIL & GAS,V,ACTIVE,Active,SAND HILLS,"BLACKBEARD OPERATING, LLC",,SHANNON BURK,4322420050,"1751 RIVER RUN
SUITE 405",FORT WORTH,TX,76107,,20,Dallas,,,B21,"PSL/WADDELL, W N & CO",,1256,19332243,true,31.5084278,-102.6550810,PERMIAN BASIN,31.5084278,-102.6550810,12508,ft,865412,CENTRAL BASIN PLATFORM,CENTRAL BASIN PLATFORM,,"BLACKBEARD OPERATING, LLC",
4210336742,8,2020-08-27,2020-10-05,2022-10-05,TX,CRANE (TX),BLACKBEARD OPERATING,WADDELL TR A,3030,"CLEAR FORK,TUBB,WICHITA-ALBANY,WOLFCAMP",9000,9000,NewDrill,OIL & GAS,V,ACTIVE,Active,SAND HILLS,"BLACKBEARD OPERATING, LLC",,SHANNON BURK,4322420050,"1751 RIVER RUN
SUITE 405",FORT WORTH,TX,76107,,13,Dallas,,,B21,"PSL/WADDELL, W N & CO",,1245,19330906,true,31.5242549,-102.6865872,PERMIAN BASIN,31.5242549,-102.6865872,12508,ft,864873,CENTRAL BASIN PLATFORM,CENTRAL BASIN PLATFORM,,"BLACKBEARD OPERATING, LLC",
4210336748,8,2020-09-15,2020-09-18,2022-09-18,TX,CRANE (TX),BLACKBEARD OPERATING,WADDELL TR D,3500,"CLEAR FORK,TUBB",9000,9000,NewDrill,OIL & GAS,V,ACTIVE,Active,SAND HILLS,"BLACKBEARD OPERATING, LLC",,SHANNON BURK,4322420050,"1751 RIVER RUN
SUITE 405",FORT WORTH,TX,76107,,7,Dallas,,,B21,"PSL/WADDELL, W N & CO",,1241,19331340,true,31.5323406,-102.7100682,PERMIAN BASIN,31.5323406,-102.7100682,55686,ft,865114,CENTRAL BASIN PLATFORM,CENTRAL BASIN PLATFORM,,"BLACKBEARD OPERATING, LLC",
4210336740,8,2020-08-07,2020-09-18,2022-09-18,TX,CRANE (TX),BLACKBEARD OPERATING,6 POUNDER NWSW,22,"CLEAR FORK,TUBB",9000,9000,NewDrill,OIL & GAS,V,ACTIVE,Active,SAND HILLS,"BLACKBEARD OPERATING, LLC",,SHANNON BURK,4322420050,"1751 RIVER RUN
SUITE 405",FORT WORTH,TX,76107,,4,Dallas,,,B21,"PSL/MC KNIGHT, M B",,1111,19329657,true,31.5389930,-102.7165989,PERMIAN BASIN,31.5389930,-102.7165989,55471,ft,864600,CENTRAL BASIN PLATFORM,CENTRAL BASIN PLATFORM,,"BLACKBEARD OPERATING, LLC",
4210336747,8,2020-09-15,2020-09-18,2022-09-18,TX,CRANE (TX),BLACKBEARD OPERATING,WADDELL TR A,3062,"CLEAR FORK,TUBB,WOLFCAMP",9000,9000,NewDrill,OIL & GAS,V,ACTIVE,Active,SAND HILLS,"BLACKBEARD OPERATING, LLC",,SHANNON BURK,4322420050,"1751 RIVER RUN
SUITE 405",FORT WORTH,TX,76107,,11,Dallas,,,B21,"PSL/WADDELL, W N & CO",,1243,19331341,true,31.5287776,-102.6542346,PERMIAN BASIN,31.5287776,-102.6542346,12508,ft,865104,CENTRAL BASIN PLATFORM,CENTRAL BASIN PLATFORM,,"BLACKBEARD OPERATING, LLC",
4210336745,8,2020-09-03,2020-09-10,2022-09-10,TX,CRANE (TX),BLACKBEARD OPERATING,WADDELL TR A,3011,"CLEAR FORK,TUBB,WICHITA-ALBANY,WOLFCAMP",9000,9000,NewDrill,OIL & GAS,V,PERMITTED,Active,SAND HILLS,"BLACKBEARD OPERATING, LLC",,SHANNON BURK,4322420050,"1751 RIVER RUN
SUITE 405",FORT WORTH,TX,76107,,7,Dallas,,,B21,"PSL / WADDELL, W N & CO",,1242,19331025,true,31.5234243,-102.7028347,PERMIAN BASIN,31.5234243,-102.7028347,,ft,864945,CENTRAL BASIN PLATFORM,CENTRAL BASIN PLATFORM,,"BLACKBEARD OPERATING, LLC",
4210336744,8,2020-09-03,2020-09-08,2022-09-08,TX,CRANE (TX),BLACKBEARD OPERATING,WADDELL TR A,3036,"CLEAR FORK,TUBB,WICHITA-ALBANY,WOLFCAMP",9000,9000,NewDrill,OIL & GAS,V,PERMITTED,Active,SAND HILLS,"BLACKBEARD OPERATING, LLC",,SHANNON BURK,4322420050,"1751 RIVER RUN
SUITE 405",FORT WORTH,TX,76107,,13,Dallas,,,B21,"PSL / WADDELL, W N & CO",,1245,19331024,true,31.5153385,-102.6925651,PERMIAN BASIN,31.5153385,-102.6925651,,ft,864942,CENTRAL BASIN PLATFORM,CENTRAL BASIN PLATFORM,,"BLACKBEARD OPERATING, LLC",
4210336746,8,2020-09-03,2020-09-08,2022-09-08,TX,CRANE (TX),BLACKBEARD OPERATING,WADDELL TR A,3038,"CLEAR FORK,TUBB,WICHITA-ALBANY,WOLFCAMP",9000,9000,NewDrill,OIL & GAS,V,PERMITTED,Active,SAND HILLS,"BLACKBEARD OPERATING, LLC",,SHANNON BURK,4322420050,"1751 RIVER RUN
SUITE 405",FORT WORTH,TX,76107,,13,Dallas,,,B21,"PSL / WADDELL, W N & CO",,1245,19331026,true,31.5170857,-102.6842566,PERMIAN BASIN,31.5170857,-102.6842566,,ft,864966,CENTRAL BASIN PLATFORM,CENTRAL BASIN PLATFORM,,"BLACKBEARD OPERATING, LLC",
4210336741,8,2020-08-24,2020-09-09,2022-09-09,TX,CRANE (TX),BLACKBEARD OPERATING,LANDLUBBER,34,"CLEAR FORK,TUBB",9000,9000,NewDrill,OIL & GAS,V,PERMITTED,Active,SAND HILLS,"BLACKBEARD OPERATING, LLC",,SHANNON BURK,4322420050,"1751 RIVER RUN
SUITE 405",FORT WORTH,TX,76107,,26,Dallas,,,B17,"O`NEAL, M C / MC KNIGHT, M B",,1107,19330514,true,31.5511565,-102.7216046,PERMIAN BASIN,31.5511565,-102.7216046,,ft,864826,CENTRAL BASIN PLATFORM,CENTRAL BASIN PLATFORM,,"BLACKBEARD OPERATING, LLC",
4210336739,8,2020-08-07,2020-08-11,2022-08-11,TX,CRANE (TX),BLACKBEARD OPERATING,LANDLUBBER CE,29,"CLEAR FORK,TUBB",9000,9000,NewDrill,OIL & GAS,V,PERMITTED,Active,SAND HILLS,"BLACKBEARD OPERATING, LLC",,SHANNON BURK,4322420050,"1751 RIVER RUN
SUITE 405",FORT WORTH,TX,76107,,26,Dallas,,,B17,"O`NEAL, M C/MC KNIGHT, M B",,1107,19329656,true,31.5586535,-102.7130960,PERMIAN BASIN,31.5586535,-102.7130960,,ft,864597,CENTRAL BASIN PLATFORM,CENTRAL BASIN PLATFORM,,"BLACKBEARD OPERATING, LLC",
4210336736,8,2020-07-15,2020-08-05,2022-08-05,TX,CRANE (TX),BLACKBEARD OPERATING,WADDELL TR A,3035,"CLEAR FORK,TUBB,WICHITA-ALBANY,WOLFCAMP",9000,9000,NewDrill,OIL & GAS,V,CANCELLED,Active,SAND HILLS,"BLACKBEARD OPERATING, LLC",,SHANNON BURK,4322420050,"1751 RIVER RUN
SUITE 405",FORT WORTH,TX,76107,,13,Dallas,,,B21,"PSL / WADDELL, W N & CO",,1245,19329174,true,31.5220043,-102.6812436,PERMIAN BASIN,31.5220043,-102.6812436,,ft,864259,CENTRAL BASIN PLATFORM,CENTRAL BASIN PLATFORM,,"BLACKBEARD OPERATING, LLC",
4210336737,8,2020-07-15,2020-08-05,2022-08-05,TX,CRANE (TX),BLACKBEARD OPERATING,WADDELL TR A,3052,"CLEAR FORK,TUBB,WOLFCAMP",9000,9000,NewDrill,OIL & GAS,V,ACTIVE,Active,SAND HILLS,"BLACKBEARD OPERATING, LLC",,SHANNON BURK,4322420050,"1751 RIVER RUN
SUITE 405",FORT WORTH,TX,76107,,12,Dallas,,,B21,"PSL / WADDELL, W N & CO",,1244,19329175,true,31.5196156,-102.6763224,PERMIAN BASIN,31.5196156,-102.6763224,12508,ft,864273,CENTRAL BASIN PLATFORM,CENTRAL BASIN PLATFORM,,"BLACKBEARD OPERATING, LLC",
4210336738,8,2020-07-15,2020-07-31,2022-07-31,TX,CRANE (TX),BLACKBEARD OPERATING,WADDELL TR D,3004,"CLEAR FORK,TUBB,WICHITA-ALBANY,WOLFCAMP",9000,9000,NewDrill,OIL & GAS,V,ACTIVE,Active,SAND HILLS,"BLACKBEARD OPERATING, LLC",,SHANNON BURK,4322420050,"1751 RIVER RUN
SUITE 405",FORT WORTH,TX,76107,,7,Dallas,,,B21,"PSL / WADDELL, W N & CO",,1241,19329176,true,31.5294775,-102.7090793,PERMIAN BASIN,31.5294775,-102.7090793,55151,ft,864275,CENTRAL BASIN PLATFORM,CENTRAL BASIN PLATFORM,,"BLACKBEARD OPERATING, LLC",
4210336735,8,2020-07-14,2020-07-17,2022-07-17,TX,CRANE (TX),BLACKBEARD OPERATING,WADDELL TR D-1,3002,"CLEAR FORK,TUBB,WICHITA-ALBANY,WOLFCAMP",9000,9000,NewDrill,OIL & GAS,V,INACTIVE,Active,SAND HILLS,"BLACKBEARD OPERATING, LLC",,SHANNON BURK,4322420050,"1751 RIVER RUN
SUITE 405",FORT WORTH,TX,76107,,7,Dallas,,,B21,"PSL / WADDELL, W N & CO",,1242,19328731,true,31.5351175,-102.7022290,PERMIAN BASIN,31.5351175,-102.7022290,55469,ft,864253,CENTRAL BASIN PLATFORM,CENTRAL BASIN PLATFORM,,"BLACKBEARD OPERATING, LLC",
4210336734,8,2020-07-14,2020-07-17,2022-07-17,TX,CRANE (TX),BLACKBEARD OPERATING,WADDELL TR D-1,3001,"CLEAR FORK,TUBB,WICHITA-ALBANY,WOLFCAMP",9000,9000,NewDrill,OIL & GAS,V,INACTIVE,Active,SAND HILLS,"BLACKBEARD OPERATING, LLC",,SHANNON BURK,4322420050,"1751 RIVER RUN
SUITE 405",FORT WORTH,TX,76107,,7,Dallas,,,B21,"PSL / WADDELL, W N & CO",,1242,19328732,true,31.5334152,-102.7069412,PERMIAN BASIN,31.5334152,-102.7069412,55469,ft,864252,CENTRAL BASIN PLATFORM,CENTRAL BASIN PLATFORM,,"BLACKBEARD OPERATING, LLC",
4210336733,8,2020-07-08,2020-07-14,2022-07-14,TX,CRANE (TX),BLACKBEARD OPERATING,WADDELL TR A,3029,"CLEAR FORK,TUBB,WICHITA-ALBANY,WOLFCAMP",9000,9000,NewDrill,OIL & GAS,V,PERMITTED,Active,SAND HILLS,"BLACKBEARD OPERATING, LLC",,SHANNON BURK,4322420050,"1751 RIVER RUN
SUITE 405",FORT WORTH,TX,76107,,13,Dallas,,,B21,"PSL / WADDELL, W N & CO",,1245,19322697,true,31.5233306,-102.6906426,PERMIAN BASIN,31.5233306,-102.6906426,,ft,864166,CENTRAL BASIN PLATFORM,CENTRAL BASIN PLATFORM,,"BLACKBEARD OPERATING, LLC",
4210336732,8,2020-07-07,2020-07-13,2022-07-13,TX,CRANE (TX),BLACKBEARD OPERATING,WADDELL TR A,3091,"CLEAR FORK,TUBB,WICHITA-ALBANY,WOLFCAMP",9000,9000,NewDrill,OIL & GAS,V,ACTIVE,Active,SAND HILLS,"BLACKBEARD OPERATING, LLC",,SHANNON BURK,4322420050,"1751 RIVER RUN
SUITE 405",FORT WORTH,TX,76107,,13,Dallas,,,B21,"PSL / WADDELL, W N & CO",,1245,19322569,true,31.5119127,-102.6781643,PERMIAN BASIN,31.5119127,-102.6781643,12508,ft,864161,CENTRAL BASIN PLATFORM,CENTRAL BASIN PLATFORM,,"BLACKBEARD OPERATING, LLC",
4210336729,8,2020-05-21,2020-06-26,2022-06-26,TX,CRANE (TX),BLACKBEARD OPERATING,WADDELL TR A,3032,"CLEAR FORK,TUBB,WICHITA-ALBANY,WOLFCAMP",9000,9000,NewDrill,OIL & GAS,V,ACTIVE,Active,SAND HILLS,"BLACKBEARD OPERATING, LLC",,SHANNON BURK,4322420050,"1751 RIVER RUN
SUITE 405",FORT WORTH,TX,76107,,13,Dallas,,,B21,"PSL / WADDELL, W N & CO",,1245,19321317,true,31.5188439,-102.6936901,PERMIAN BASIN,31.5188439,-102.6936901,12508,ft,863694,CENTRAL BASIN PLATFORM,CENTRAL BASIN PLATFORM,,"BLACKBEARD OPERATING, LLC",
4210336726,8,2020-05-19,2020-06-26,2022-06-26,TX,CRANE (TX),BLACKBEARD OPERATING,WADDELL TR A,3008,"CLEAR FORK,TUBB,WICHITA-ALBANY,WOLFCAMP",9000,9000,NewDrill,OIL & GAS,V,ACTIVE,Active,SAND HILLS,"BLACKBEARD OPERATING, LLC",,SHANNON BURK,4322420050,"1751 RIVER RUN
SUITE 405",FORT WORTH,TX,76107,,7,Dallas,,,B21,"PSL/WADDELL, W N & CO",,1242,19320636,true,31.5277408,-102.6998485,PERMIAN BASIN,31.5277408,-102.6998485,12508,ft,863670,CENTRAL BASIN PLATFORM,CENTRAL BASIN PLATFORM,,"BLACKBEARD OPERATING, LLC",
4210336730,8,2020-05-22,2020-06-26,2022-06-26,TX,CRANE (TX),BLACKBEARD OPERATING,WADDELL TR A,3054,"CLEAR FORK,TUBB,WOLFCAMP",9000,9000,NewDrill,OIL & GAS,V,ACTIVE,Active,SAND HILLS,"BLACKBEARD OPERATING, LLC",,SHANNON BURK,4322420050,"1751 RIVER RUN
SUITE 405",FORT WORTH,TX,76107,,12,Dallas,,,B21,"PSL / WADDELL, W N & CO",,1244,19321318,true,31.5221286,-102.6673481,PERMIAN BASIN,31.5221286,-102.6673481,12508,ft,863699,CENTRAL BASIN PLATFORM,CENTRAL BASIN PLATFORM,,"BLACKBEARD OPERATING, LLC",
4210336731,8,2020-05-22,2020-06-12,2022-06-12,TX,CRANE (TX),BLACKBEARD OPERATING,WADDELL TR A,3007,"CLEAR FORK,TUBB,WICHITA-ALBANY,WOLFCAMP",9000,9000,NewDrill,OIL & GAS,V,ACTIVE,Active,SAND HILLS,"BLACKBEARD OPERATING, LLC",,SHANNON BURK,4322420050,"1751 RIVER RUN
SUITE 405",FORT WORTH,TX,76107,,7,Dallas,,,B21,"PSL / WADDELL, W N & CO",,1242,19321319,true,31.5267743,-102.7039236,PERMIAN BASIN,31.5267743,-102.7039236,12508,ft,863701,CENTRAL BASIN PLATFORM,CENTRAL BASIN PLATFORM,,"BLACKBEARD OPERATING, LLC",
4210336727,8,2020-05-21,2020-06-26,2022-06-26,TX,CRANE (TX),BLACKBEARD OPERATING,WADDELL TR A,3044,"CLEAR FORK,TUBB,WOLFCAMP",9000,9000,NewDrill,OIL & GAS,V,ACTIVE,Active,SAND HILLS,"BLACKBEARD OPERATING, LLC",,SHANNON BURK,4322420050,"1751 RIVER RUN
SUITE 405",FORT WORTH,TX,76107,,12,Dallas,,,B21,"PSL/WADDELL, W N & CO",,1244,19320637,true,31.5257826,-102.6784731,PERMIAN BASIN,31.5257826,-102.6784731,12508,ft,863693,CENTRAL BASIN PLATFORM,CENTRAL BASIN PLATFORM,,"BLACKBEARD OPERATING, LLC",
4210336719,8,2020-02-18,2020-02-21,2022-02-21,TX,CRANE (TX),BLACKBEARD OPERATING,STEDE BONNET N,11,TUBB,9000,9000,NewDrill,OIL,V,DUC,Active,SAND HILLS,"BLACKBEARD OPERATING, LLC",2021-08-03,ANDREW STAMPS,7135025033,"1751 RIVER RUN
SUITE 405",FORT WORTH,TX,76107,,10,Dallas,,,B21,"PSL/MC KNIGHT, M B",,1114,19315046,true,31.5405378,-102.6568726,PERMIAN BASIN,31.5405378,-102.6568726,,ft,862006,CENTRAL BASIN PLATFORM,CENTRAL BASIN PLATFORM,,"BLACKBEARD OPERATING, LLC",
4210336718,8,2020-02-17,2020-02-18,2022-02-18,TX,CRANE (TX),BLACKBEARD OPERATING,6 POUNDER NWNE,30,"CLEAR FORK,TUBB",9000,9000,NewDrill,OIL,V,ACTIVE,Active,SAND HILLS,"BLACKBEARD OPERATING, LLC",,SHANNON BURK,4322420050,"1751 RIVER RUN
SUITE 405",FORT WORTH,TX,76107,,4,Dallas,,,B21,"PSL / MC KNIGHT, M B",,1111,19315009,true,31.5480567,-102.7107876,PERMIAN BASIN,31.5480567,-102.7107876,55289,ft,861993,CENTRAL BASIN PLATFORM,CENTRAL BASIN PLATFORM,,"BLACKBEARD OPERATING, LLC",
4210336717,8,2020-02-17,2020-02-18,2022-02-18,TX,CRANE (TX),BLACKBEARD OPERATING,LANDLUBBER,39,"CLEAR FORK,TUBB",9000,9000,NewDrill,OIL,V,ACTIVE,Active,SAND HILLS,"BLACKBEARD OPERATING, LLC",,SHANNON BURK,4322420050,"1751 RIVER RUN
SUITE 405",FORT WORTH,TX,76107,,26,Dallas,,,B17,"O`NEAL, M C / MC KNIGHT, M B",,1107,19315008,true,31.5521176,-102.7175184,PERMIAN BASIN,31.5521176,-102.7175184,48999,ft,861986,CENTRAL BASIN PLATFORM,CENTRAL BASIN PLATFORM,,"BLACKBEARD OPERATING, LLC",
4210336716,8,2020-02-13,2020-02-18,2022-02-18,TX,CRANE (TX),BLACKBEARD OPERATING,LANDLUBBER NE,30,"CLEAR FORK,TUBB",9000,9000,NewDrill,OIL,V,CANCELLED,Active,SAND HILLS,"BLACKBEARD OPERATING, LLC",,SHANNON BURK,4322420050,"1751 RIVER RUN
SUITE 405",FORT WORTH,TX,76107,,26,Dallas,,,B17,"O`NEAL, M C / MC KNIGHT, M B",,1107,19314799,true,31.5623033,-102.7142627,PERMIAN BASIN,31.5623033,-102.7142627,,ft,861914,CENTRAL BASIN PLATFORM,CENTRAL BASIN PLATFORM,,"BLACKBEARD OPERATING, LLC",
4210336715,8,2020-02-11,2020-02-12,2022-02-12,TX,CRANE (TX),BLACKBEARD OPERATING,6 POUNDER SE,90,,9000,9000,NewDrill,OIL,V,PERMITTED,Active,ARMER,"BLACKBEARD OPERATING, LLC",,SHANNON BURK,4322420050,"1751 RIVER RUN
SUITE 405",FORT WORTH,TX,76107,,4,Dallas,,,B21,"PSL / MC KNIGHT, M B",,1111,19314730,true,31.5409347,-102.7063015,PERMIAN BASIN,31.5409347,-102.7063015,,ft,861807,CENTRAL BASIN PLATFORM,CENTRAL BASIN PLATFORM,,"BLACKBEARD OPERATING, LLC",
4210336713,8,2020-02-04,2020-02-06,2022-02-06,TX,CRANE (TX),BLACKBEARD OPERATING,6 POUNDER SW,27,"CLEAR FORK,TUBB",9000,9000,NewDrill,OIL,V,ACTIVE,Active,SAND HILLS,"BLACKBEARD OPERATING, LLC",,SHANNON BURK,4322420050,"1751 RIVER RUN
SUITE 405",FORT WORTH,TX,76107,,4,Dallas,,,B21,"PSL / MC KNIGHT, M B",,1111,19313927,true,31.5359016,-102.7113822,PERMIAN BASIN,31.5359016,-102.7113822,54498,ft,861651,CENTRAL BASIN PLATFORM,CENTRAL BASIN PLATFORM,,"BLACKBEARD OPERATING, LLC",
4210336714,8,2020-02-05,2020-02-06,2022-02-06,TX,CRANE (TX),BLACKBEARD OPERATING,6 POUNDER SWNW,23,"CLEAR FORK,TUBB",9000,9000,NewDrill,OIL,V,ACTIVE,Active,SAND HILLS,"BLACKBEARD OPERATING, LLC",,SHANNON BURK,4322420050,"1751 RIVER RUN
SUITE 405",FORT WORTH,TX,76107,,4,Dallas,,,B21,"PSL / MC KNIGHT, M B",,1111,19313928,true,31.5426096,-102.7177600,PERMIAN BASIN,31.5426096,-102.7177600,56320,ft,861678,CENTRAL BASIN PLATFORM,CENTRAL BASIN PLATFORM,,"BLACKBEARD OPERATING, LLC",
4210336707,8,2020-01-14,2020-01-29,2022-01-29,TX,CRANE (TX),BLACKBEARD OPERATING,STEDE BONNET,4,,7500,7500,NewDrill,OIL,V,ACTIVE,Active,ARMER,"BLACKBEARD OPERATING, LLC",,JENNIFER KENNEDY,4324240050,"1751 RIVER RUN
SUITE 405",FORT WORTH,TX,76107,,10,Dallas,,,B21,"PSL/MC KNIGHT, M B",,1114,19312336,true,31.5372923,-102.6558250,PERMIAN BASIN,31.5372923,-102.6558250,,ft,860975,CENTRAL BASIN PLATFORM,CENTRAL BASIN PLATFORM,,"BLACKBEARD OPERATING, LLC",
4210336712,8,2020-01-27,2020-01-29,2022-01-29,TX,CRANE (TX),BLACKBEARD OPERATING,LANDLUBBER CW,23,"CLEAR FORK,TUBB",9000,9000,NewDrill,OIL,V,ACTIVE,Active,SAND HILLS,"BLACKBEARD OPERATING, LLC",,SHANNON BURK,4322420050,"1751 RIVER RUN
SUITE 405",FORT WORTH,TX,76107,,26,Dallas,,,B17,"O`NEAL, M C / MC KNIGHT, M B",,1107,19313182,true,31.5570008,-102.7213740,PERMIAN BASIN,31.5570008,-102.7213740,54792,ft,861337,CENTRAL BASIN PLATFORM,CENTRAL BASIN PLATFORM,,"BLACKBEARD OPERATING, LLC",
4210336711,8,2020-01-24,2020-01-28,2022-01-28,TX,CRANE (TX),BLACKBEARD OPERATING,LANDLUBBER,83,,9000,9000,NewDrill,OIL,V,PERMITTED,Active,ARMER,"BLACKBEARD OPERATING, LLC",,SHANNON BURK,4322420050,"1751 RIVER RUN
SUITE 405",FORT WORTH,TX,76107,,26,Dallas,,,B17,"O`NEAL, M C/MC KNIGHT, M B",,1107,19313060,true,31.5555369,-102.7230157,PERMIAN BASIN,31.5555369,-102.7230157,,ft,861282,CENTRAL BASIN PLATFORM,CENTRAL BASIN PLATFORM,,"BLACKBEARD OPERATING, LLC",
4210336710,8,2020-01-23,2020-01-28,2022-01-28,TX,CRANE (TX),BLACKBEARD OPERATING,LANDLUBBER N,25,"CLEAR FORK,TUBB",9000,9000,NewDrill,OIL,V,CANCELLED,Active,SAND HILLS,"BLACKBEARD OPERATING, LLC",,SHANNON BURK,4322420050,"1751 RIVER RUN
SUITE 405",FORT WORTH,TX,76107,,26,Dallas,,,B17,"O`NEAL, M C / MC KNIGHT, M B",,1107,19313059,true,31.5613479,-102.7183239,PERMIAN BASIN,31.5613479,-102.7183239,,ft,861234,CENTRAL BASIN PLATFORM,CENTRAL BASIN PLATFORM,,"BLACKBEARD OPERATING, LLC",
4210336709,8,2020-01-20,2020-01-24,2022-01-24,TX,CRANE (TX),BLACKBEARD OPERATING,YELLOW JACK SWSW,11,"CLEAR FORK,TUBB",9000,9000,NewDrill,OIL,V,ACTIVE,Active,SAND HILLS,"BLACKBEARD OPERATING, LLC",,SHANNON BURK,4322420050,"1751 RIVER RUN
SUITE 405",FORT WORTH,TX,76107,,8,Dallas,,,B21,"PSL / MC KNIGHT, M B",,1113,19312830,true,31.5253770,-102.6936234,PERMIAN BASIN,31.5253770,-102.6936234,55290,ft,861086,CENTRAL BASIN PLATFORM,CENTRAL BASIN PLATFORM,,"BLACKBEARD OPERATING, LLC",
4210336708,8,2020-01-15,2020-01-23,2022-01-23,TX,CRANE (TX),BLACKBEARD OPERATING,6 POUNDER SE,89,,9000,9000,NewDrill,OIL,V,PERMITTED,Active,ARMER,"BLACKBEARD OPERATING, LLC",,SHANNON BURK,4322420050,"1751 RIVER RUN
SUITE 405",FORT WORTH,TX,76107,,4,Dallas,,,B21,"PSL / MC KNIGHT, M B",,1111,19312337,true,31.5369988,-102.7050375,PERMIAN BASIN,31.5369988,-102.7050375,,ft,860988,CENTRAL BASIN PLATFORM,CENTRAL BASIN PLATFORM,,"BLACKBEARD OPERATING, LLC",
4210336706,8,2020-01-14,2020-01-22,2022-01-22,TX,CRANE (TX),BLACKBEARD OPERATING,6 POUNDER NESW,26,"CLEAR FORK,TUBB",9000,9000,NewDrill,OIL,V,ACTIVE,Active,SAND HILLS,"BLACKBEARD OPERATING, LLC",,SHANNON BURK,4322420050,"1751 RIVER RUN
SUITE 405",FORT WORTH,TX,76107,,4,Dallas,,,B21,"PSL / MC KNIGHT, M B",,1111,19312335,true,31.5399486,-102.7125127,PERMIAN BASIN,31.5399486,-102.7125127,54949,ft,860910,CENTRAL BASIN PLATFORM,CENTRAL BASIN PLATFORM,,"BLACKBEARD OPERATING, LLC",
4210336705,8,2020-01-06,2020-01-23,2022-01-23,TX,CRANE (TX),BLACKBEARD OPERATING,LANDLUBBER CW,26,"CLEAR FORK,TUBB",9000,9000,NewDrill,OIL,V,ACTIVE,Active,SAND HILLS,"BLACKBEARD OPERATING, LLC",,SHANNON BURK,4322420050,"1751 RIVER RUN
SUITE 405",FORT WORTH,TX,76107,,26,Dallas,,,B17,"O`NEAL, M C / MC KNIGHT, M B",,1107,19310766,true,31.5578563,-102.7171684,PERMIAN BASIN,31.5578563,-102.7171684,54792,ft,860577,CENTRAL BASIN PLATFORM,CENTRAL BASIN PLATFORM,,"BLACKBEARD OPERATING, LLC",
